id,spacegroup,density,energy,PBE_lattice_energy_kjmol,rel_energy,rel_PBE_energy,diff,rel_diff
oxalac_opt-QR-29-12630-3_P1-Thre-1-0-0-203,1,1.7687,-87.2061,-101.395206,,,-14.189106,
oxalac_opt-QR-29-12630-3_P1-Thre-1-0-0-630,1,1.7637,-86.6268,-99.67347875,0.5793,1.721727245,-13.04667875,1.142427245
oxalac_opt-QR-29-12630-3_P1-Thre-1-0-0-720,1,1.7933,-86.6862,-100.9999006,0.5199,0.39530537,-14.31370063,-0.12459463
oxalac_opt-QR-29-12630-3_P1-Thre-1-0-0-872,1,1.7369,-86.5945,-100.0050992,0.6116,1.390106761,-13.41059924,0.778506761
oxalac_opt-QR-29-12630-3_P1-Thre-1-0-0-1015,1,1.7504,-86.354,-99.72103564,0.8521,1.674170361,-13.36703564,0.822070361
oxalac_opt-QR-29-12630-3_P1-Thre-1-0-0-1146,1,1.7591,-86.1565,-99.01213444,1.0496,2.383071554,-12.85563444,1.333471554
oxalac_opt-QR-29-12630-3_P1-Thre-1-0-0-1169,1,1.7618,-86.4741,-99.58135289,0.732,1.813853105,-13.10725289,1.081853105
oxalac_opt-QR-29-12630-3_P1-Thre-1-0-0-1278,1,1.7459,-86.2171,-98.22555389,0.989,3.169652103,-12.00845389,2.180652103
oxalac_opt-QR-29-12630-3_P1-Thre-1-0-0-1335,1,1.752,-86.2557,-98.93631484,0.9504,2.458891156,-12.68061484,1.508491156
oxalac_opt-QR-29-12630-3_P1-Thre-1-0-0-1398,1,1.7519,-86.1387,-99.24942028,1.0674,2.14578572,-13.11072028,1.07838572
oxalac_opt-QR-29-12630-3_P1-Thre-1-0-0-1408,1,1.7519,-86.228,-99.57485943,0.9781,1.820346567,-13.34685943,0.842246567
oxalac_opt-QR-29-12630-3_P1-Thre-1-0-0-1493,1,1.7918,-86.5199,-99.94788417,0.6862,1.447321825,-13.42798417,0.761121825
oxalac_opt-QR-29-12630-3_P1-Thre-1-0-0-1580,1,1.7953,-85.6224,-97.37427609,1.5837,4.020929911,-11.75187609,2.437229911
oxalac_opt-QR-29-12630-3_P1-Thre-1-0-0-1877,1,1.7711,-85.6401,-98.68759453,1.566,2.707611464,-13.04749453,1.141611464
oxalac_opt-QR-29-12630-3_P1-Thre-1-0-0-1999,1,1.7771,-85.7016,-97.67694712,1.5045,3.718258878,-11.97534712,2.213758878
oxalac_opt-QR-29-12630-3_P1-Thre-1-0-0-2113,1,1.7723,-85.6194,-98.16827829,1.5867,3.226927712,-12.54887829,1.640227712
oxalac_opt-QR-29-12630-3_P1-Thre-1-0-0-2212,1,1.7878,-85.2005,-98.18833999,2.0056,3.206866004,-12.98783999,1.201266004
oxalac_opt-QR-29-12630-3_P1-Thre-1-0-0-2284,1,1.7877,-85.7705,-99.70847035,1.4356,1.686735643,-13.93797035,0.251135643
oxalac_opt-QR-29-12630-3_P1-Thre-1-0-0-2335,1,1.788,-85.2252,-97.15553183,1.9809,4.239674164,-11.93033183,2.258774164
oxalac_opt-QR-29-12630-3_P1-Thre-1-0-0-2341,1,1.788,-85.112,-97.89519182,2.0941,3.500014178,-12.78319182,1.405914178
oxalac_opt-QR-29-12630-3_P1-Thre-1-0-0-2386,1,1.771,-85.247,-98.35311205,1.9591,3.042093944,-13.10611205,1.082993944
oxalac_opt-QR-29-12630-3_P1-Thre-1-0-0-2400,1,1.7711,-85.3349,-98.25426189,1.8712,3.140944106,-12.91936189,1.269744106
oxalac_opt-QR-29-12630-3_P1-Thre-1-0-0-2401,1,1.8023,-85.3054,-98.38707826,1.9007,3.008127739,-13.08167826,1.107427739
oxalac_opt-QR-29-12630-3_P1-Thre-1-0-0-2426,1,1.7913,-85.1018,-97.94126572,2.1043,3.453940273,-12.83946572,1.349640273
oxalac_opt-QR-29-12630-3_P1-Thre-1-0-0-2459,1,1.77,-85.1119,-98.96481298,2.0942,2.430393014,-13.85291298,0.336193014
oxalac_opt-QR-29-12630-3_P1-Thre-1-0-0-2601,1,1.8175,-84.7905,-98.80479355,2.4156,2.59041245,-14.01429355,0.17481245
oxalac_opt-QR-29-12630-3_P1-Thre-1-0-0-2643,1,1.7975,-84.7378,-96.76752172,2.4683,4.62768428,-12.02972172,2.15938428
oxalac_opt-QR-29-12630-3_P1-Thre-1-0-0-2659,1,1.7963,-85.2636,-97.27821194,1.9425,4.11699406,-12.01461194,2.17449406
oxalac_opt-QR-29-12630-3_P1-Thre-1-0-0-2766,1,1.7569,-84.7747,-97.04131253,2.4314,4.353893471,-12.26661253,1.922493471
oxalac_opt-QR-29-12630-3_P1-Thre-1-0-0-2902,1,1.8033,-84.8707,-97.46621091,2.3354,3.928995092,-12.59551091,1.593595092
oxalac_opt-QR-29-12630-3_P1-Thre-1-0-0-2918,1,1.7845,-84.8729,-96.72436239,2.3332,4.670843605,-11.85146239,2.337643605
oxalac_opt-QR-29-12630-3_P1-Thre-1-0-0-3094,1,1.7978,-84.4421,-96.64548999,2.764,4.749716002,-12.20338999,1.985716002
oxalac_opt-QR-29-12630-3_P1-Thre-1-0-0-3127,1,1.7722,-84.2488,-95.45162735,2.9573,5.943578643,-11.20282735,2.986278643
oxalac_opt-QR-29-12630-3_P1-Thre-1-0-0-3133,1,1.7724,-84.7722,-96.59629382,2.4339,4.798912172,-11.82409382,2.365012172
oxalac_opt-QR-29-12630-3_P1-Thre-1-0-0-3150,1,1.7721,-84.9312,-97.22789991,2.2749,4.167306082,-12.29669991,1.892406082
oxalac_opt-QR-29-12630-3_P1-Thre-1-0-0-3219,1,1.7527,-84.3689,-95.72444125,2.8372,5.670764748,-11.35554125,2.833564748
oxalac_opt-QR-29-12630-3_P1-Thre-1-0-0-3268,1,1.7683,-84.3874,-95.67387837,2.8187,5.721327632,-11.28647837,2.902627632
oxalac_opt-QR-29-12630-3_P1-Thre-1-0-0-3293,1,1.7779,-84.4775,-95.49326631,2.7286,5.901939685,-11.01576631,3.173339685
oxalac_opt-QR-29-12630-3_P1-Thre-1-0-0-3386,1,1.7772,-84.3031,-94.29855557,2.903,7.096650432,-9.995455565,4.193650432
oxalac_opt-QR-29-12630-3_P1-Thre-1-0-0-3416,1,1.7824,-84.1182,-93.87475857,3.0879,7.520447431,-9.756558566,4.432547431
oxalac_opt-QR-29-12630-3_P1-Thre-1-0-0-3421,1,1.7824,-84.2598,-95.16846927,2.9463,6.226736728,-10.90866927,3.280436728
oxalac_opt-QR-29-12630-3_P1-Thre-1-0-0-3537,1,1.7285,-83.711,-95.09925577,3.4951,6.295950222,-11.38825577,2.800850222
oxalac_opt-QR-29-12630-3_P1-Thre-1-0-0-3636,1,1.7951,-84.3787,-97.10586506,2.8274,4.28934094,-12.72716506,1.46194094
oxalac_opt-QR-29-12630-3_P1-Thre-1-0-0-3657,1,1.7334,-84.3042,-96.37061759,2.9019,5.024588412,-12.06641759,2.122688412
oxalac_opt-QR-29-12630-3_P1-Thre-1-0-0-3662,1,1.733,-84.1366,-96.23947717,3.0695,5.155728829,-12.10287717,2.086228829
oxalac_opt-QR-29-12630-3_P1-Thre-1-0-0-3750,1,1.7375,-83.9356,-93.16380851,3.2705,8.231397489,-9.228208507,4.960897489
oxalac_opt-QR-29-12630-3_P1-Thre-1-0-0-3760,1,1.7375,-84.0289,-94.34630446,3.1772,7.048901541,-10.31740446,3.871701541
oxalac_opt-QR-29-12630-3_P1-Thre-1-0-0-3882,1,1.7218,-83.6151,-93.51933274,3.591,7.875873253,-9.904232744,4.284873253
oxalac_opt-QR-29-12630-3_P1-Thre-1-0-0-3965,1,1.7813,-83.846,-95.10781933,3.3601,6.287386669,-11.26181933,2.927286669
oxalac_opt-QR-29-12630-3_P1-Thre-1-0-0-4012,1,1.7683,-84.3327,-96.27388769,2.8734,5.121318309,-11.94118769,2.247918309
oxalac_opt-QR-29-12630-3_P1-Thre-1-0-0-4014,1,1.7683,-83.237,-95.70745959,3.9691,5.687746403,-12.47045959,1.718646403
oxalac_opt-QR-29-12630-3_P1-Thre-1-0-0-4019,1,1.7681,-83.3644,-95.52423472,3.8417,5.870971278,-12.15983472,2.029271278
oxalac_opt-QR-29-12630-3_P1-Thre-1-0-0-4076,1,1.8069,-83.4624,-94.83326773,3.7437,6.561938265,-11.37086773,2.818238265
oxalac_opt-QR-29-12630-3_P1-Thre-1-0-0-4104,1,1.7882,-83.744,-95.27567916,3.4621,6.119526838,-11.53167916,2.657426838
oxalac_opt-QR-29-12630-3_P1-Thre-1-0-0-4194,1,1.7913,-83.1512,-93.25465425,4.0549,8.140551748,-10.10345425,4.085651748
oxalac_opt-QR-29-12630-3_P1-Thre-1-0-0-4216,1,1.7913,-83.1781,-92.72755284,4.028,8.667653154,-9.549452843,4.639653154
oxalac_opt-QR-29-12630-3_P1-Thre-1-0-0-4536,1,1.7661,-83.3242,-93.31268968,3.8819,8.082516318,-9.988489679,4.200616318
oxalac_opt-QR-29-12630-3_P1-Thre-1-0-0-4544,1,1.7661,-82.6397,-93.078879,4.5664,8.316326993,-10.439179,3.749926993
oxalac_opt-QR-29-12630-3_P1-Thre-1-0-0-4545,1,1.7665,-83.3924,-94.16971198,3.8137,7.225494017,-10.77731198,3.411794017
oxalac_opt-QR-29-12630-3_P1-Thre-1-0-0-4596,1,1.7758,-82.6915,-94.85342641,4.5146,6.541779589,-12.16192641,2.027179589
oxalac_opt-QR-29-12630-3_P1-Thre-1-0-0-4598,1,1.776,-82.5979,-94.69598723,4.6082,6.699218766,-12.09808723,2.091018766
oxalac_opt-QR-29-12630-3_P1-Thre-1-0-0-4665,1,1.7806,-82.9881,-93.61908625,4.218,7.776119746,-10.63098625,3.558119746
oxalac_opt-QR-29-12630-3_P1-Thre-1-0-0-4687,1,1.7826,-83.4252,-94.3306145,3.7809,7.0645915,-10.9054145,3.2836915
oxalac_opt-QR-29-12630-3_P1-Thre-1-0-0-4692,1,1.7826,-82.7997,-94.38145188,4.4064,7.013754115,-11.58175188,2.607354115
oxalac_opt-QR-29-12630-3_P1-Thre-1-0-0-4711,1,1.7616,-82.6454,-93.64019796,4.5607,7.755008038,-10.99479796,3.194308038
oxalac_opt-QR-29-12630-3_P1-Thre-1-0-0-4712,1,1.7616,-83.1099,-93.39743465,4.0962,7.997771343,-10.28753465,3.901571343
oxalac_opt-QR-29-12630-3_P1-Thre-1-0-0-4815,1,1.7605,-83.6555,-93.51452126,3.5506,7.880684734,-9.859021263,4.330084734
oxalac_opt-QR-29-12630-3_P1-Thre-1-0-0-4895,1,1.7989,-82.888,-93.7184502,4.3181,7.6767558,-10.8304502,3.3586558
oxalac_opt-QR-29-12630-3_P1-Thre-1-0-0-4960,1,1.7209,-82.6673,-91.93060881,4.5388,9.46459719,-9.263308807,4.92579719
oxalac_opt-QR-29-12630-3_P1-Thre-1-0-0-4975,1,1.7209,-82.7843,-92.70779241,4.4218,8.687413586,-9.923492411,4.265613586
oxalac_opt-QR-29-12630-3_P1-Thre-1-0-0-5016,1,1.7566,-82.8671,-91.74424237,4.339,9.650963627,-8.87714237,5.311963627
oxalac_opt-QR-29-12630-3_P1-Thre-1-0-0-5051,1,1.7289,-82.2044,-89.48724358,5.0017,11.90796241,-7.282843584,6.906262413
oxalac_opt-QR-29-12630-3_P1-Thre-1-0-0-5126,1,1.7605,-82.7368,-91.44606225,4.4693,9.949143751,-8.709262246,5.479843751
oxalac_opt-QR-29-12630-3_P1-Thre-1-0-0-5136,1,1.7608,-83.0396,-91.76269687,4.1665,9.632509123,-8.723096873,5.466009123
oxalac_opt-QR-29-12630-3_P1-Thre-1-0-0-5138,1,1.7608,-82.2498,-90.84879672,4.9563,10.54640927,-8.598996724,5.590109272
oxalac_opt-QR-29-12630-3_P1-Thre-1-0-0-5155,1,1.74,-82.4863,-91.74897136,4.7198,9.646234641,-9.262671356,4.926434641
oxalac_opt-QR-29-12630-3_P1-Thre-1-0-0-5251,1,1.7857,-82.2611,-91.06627654,4.945,10.32892946,-8.805176537,5.38392946
oxalac_opt-QR-29-12630-3_P1-Thre-1-0-0-5270,1,1.7141,-83.1903,-92.25902429,4.0158,9.136181706,-9.06872429,5.120381706
oxalac_opt-QR-29-12630-3_P1-Thre-1-0-0-5277,1,1.7289,-82.9455,-91.85099227,4.2606,9.54421373,-8.905492267,5.28361373
oxalac_opt-QR-29-12630-3_P1-Thre-1-0-0-5317,1,1.7359,-83.3126,-93.48267605,3.8935,7.912529951,-10.17007605,4.019029951
oxalac_opt-QR-29-12630-3_P1-Thre-1-0-0-5320,1,1.7359,-83.199,-94.18210721,4.0071,7.21309879,-10.98310721,3.20599879
oxalac_opt-QR-29-12630-3_P1-Thre-1-0-0-5421,1,1.704,-82.1185,-93.14242206,5.0876,8.25278394,-11.02392206,3.16518394
oxalac_opt-QR-29-12630-3_P1-Thre-1-0-0-5476,1,1.6983,-82.3008,-92.64556469,4.9053,8.749641303,-10.34476469,3.844341303
oxalac_opt-QR-29-12630-3_P1-Thre-1-0-0-5513,1,1.6986,-82.3854,-93.44381442,4.8207,7.951391579,-11.05841442,3.130691579
oxalac_opt-QR-29-12630-3_P1-Thre-1-0-0-5552,1,1.6841,-81.7213,-91.05716398,5.4848,10.33804201,-9.335863982,4.853242014
oxalac_opt-QR-29-12630-3_P1-Thre-1-0-0-5570,1,1.6856,-81.7063,-90.54404402,5.4998,10.85116198,-8.837744021,5.351361976
oxalac_opt-QR-29-12630-3_P1-Thre-1-0-0-5596,1,1.7755,-83.0008,-92.92339824,4.2053,8.471807759,-9.922598238,4.266507759
oxalac_opt-QR-29-12630-3_P1-Thre-1-0-0-5644,1,1.7302,-82.5845,-92.0205623,4.6216,9.374643697,-9.4360623,4.753043697
oxalac_opt-QR-29-12630-3_P1-Thre-1-0-0-5680,1,1.7195,-81.762,-91.52010025,5.4441,9.87510575,-9.758100247,4.43100575
oxalac_opt-QR-29-12630-3_P1-Thre-1-0-0-5717,1,1.7195,-83.7653,-93.99475107,3.4408,7.400454925,-10.22945107,3.959654925
oxalac_opt-QR-29-12630-3_P1-Thre-1-0-0-5733,1,1.6949,-81.8561,-91.54055899,5.35,9.854647006,-9.684458991,4.504647006
oxalac_opt-QR-29-12630-3_P1-Thre-1-0-0-5744,1,1.6949,-82.0054,-91.59279662,5.2007,9.802409378,-9.587396619,4.601709378
oxalac_opt-QR-29-12630-3_P1-Thre-1-0-0-5840,1,1.7649,-82.063,-91.74179767,5.1431,9.653408323,-9.678797673,4.510308323
oxalac_opt-QR-29-12630-3_P1-Thre-1-0-0-5871,1,1.7851,-82.9414,-92.17640199,4.2647,9.218804005,-9.235001992,4.954104005
oxalac_opt-QR-29-12630-3_P1-Thre-1-0-0-5915,1,1.7441,-82.0894,-90.1368823,5.1167,11.2583237,-8.047482295,6.141623702
oxalac_opt-QR-29-12630-3_P1-Thre-1-0-0-5951,1,1.7588,-81.8602,-89.5517732,5.3459,11.8434328,-7.691573199,6.497532798
oxalac_opt-QR-29-12630-3_P1-Thre-1-0-0-5975,1,1.7315,-82.0077,-90.51720133,5.1984,10.87800467,-8.509501326,5.67960467
oxalac_opt-QR-29-12630-3_P1-Thre-1-0-0-6014,1,1.6718,-81.3096,-89.85562449,5.8965,11.53958151,-8.546024488,5.643081509
oxalac_opt-QR-29-12630-3_P1-Thre-1-0-0-6039,1,1.6464,-81.5789,-90.01965578,5.6272,11.37555021,-8.440755782,5.748350214
oxalac_opt-QR-29-12630-3_P1-Thre-1-0-0-6065,1,1.627,-81.0926,-89.59824776,6.1135,11.79695824,-8.505647759,5.683458237
oxalac_opt-QR-29-12630-3_P1-Thre-1-0-0-6082,1,1.6562,-81.7257,-90.47495692,5.4804,10.92024907,-8.749256923,5.439849074
oxalac_opt-QR-29-12630-3_P1-Thre-1-0-0-6247,1,1.732,-81.4038,-91.61501815,5.8023,9.780187847,-10.21121815,3.977887847
oxalac_opt-QR-29-12630-3_P1-Thre-1-0-0-6250,1,1.7019,-81.6127,-90.90657671,5.5934,10.48862929,-9.29387671,4.895229287
oxalac_opt-QR-29-12630-3_P1-Thre-1-0-0-6323,1,1.6799,-81.5865,-90.51078119,5.6196,10.8844248,-8.924281194,5.264824803
oxalac_opt-QR-29-12630-3_P1-Thre-1-0-0-6335,1,1.6799,-81.1859,-89.94493129,6.0202,11.45027471,-8.759031289,5.430074708
oxalac_opt-QR-29-12630-3_P1-Thre-1-0-0-6358,1,1.762,-81.8599,-90.02504545,5.3462,11.37016055,-8.165145452,6.023960545
oxalac_opt-QR-29-12630-3_P1-Thre-1-0-0-6386,1,1.7712,-81.7617,-89.84476338,5.4444,11.55044262,-8.083063378,6.106042619
oxalac_opt-QR-29-12630-3_P1-Thre-1-0-0-6447,1,1.7594,-82.3177,-90.30151638,4.8884,11.09368962,-7.983816381,6.205289615
oxalac_opt-QR-29-12630-3_P1-Thre-1-0-0-6491,1,1.8258,-83.1887,-90.77303091,4.0174,10.62217508,-7.584330913,6.604775084
oxalac_opt-QR-29-12630-3_P1-Thre-1-0-0-6494,1,1.8258,-81.3624,-88.26957633,5.8437,13.12562967,-6.907176329,7.281929667
oxalac_opt-QR-29-12630-3_P1-Thre-1-0-0-6531,1,1.8283,-80.8049,-87.46268659,6.4012,13.93251941,-6.657786588,7.531319409
oxalac_opt-QR-29-12630-3_P1-Thre-1-0-0-6603,1,1.7727,-80.8956,-88.32054518,6.3105,13.07466082,-7.424945175,6.764160821
oxalac_opt-QR-29-12630-3_P1-Thre-1-0-0-6623,1,1.8245,-81.0508,-89.40856778,6.1553,11.98663822,-8.357767776,5.831338221
oxalac_opt-QR-29-12630-3_P1-Thre-1-0-0-6648,1,1.8243,-80.6183,-89.40627939,6.5878,11.98892661,-8.787979385,5.401126611
oxalac_opt-QR-29-12630-3_P1-Thre-1-0-0-6651,1,1.8231,-80.6524,-89.40502773,6.5537,11.99017827,-8.75262773,5.436478267
oxalac_opt-QR-29-12630-3_P1-Thre-1-0-0-6716,1,1.7476,-80.8098,-88.76761926,6.3963,12.62758674,-7.957819255,6.231286742
oxalac_opt-QR-29-12630-3_P1-Thre-1-0-0-6720,1,1.7476,-81.2562,-89.49029397,5.9499,11.90491203,-8.234093967,5.95501203
oxalac_opt-QR-29-12630-3_P1-Thre-1-0-0-6760,1,1.749,-80.656,-88.5492127,6.5501,12.8459933,-7.893212701,6.295893296
oxalac_opt-QR-29-12630-3_P1-Thre-1-0-0-6798,1,1.749,-80.9691,-88.9640742,6.237,12.4311318,-7.994974196,6.194131801
oxalac_opt-QR-29-12630-3_P1-Thre-1-0-0-6858,1,1.7446,-80.8112,-89.53987704,6.3949,11.85532895,-8.728677043,5.460428954
oxalac_opt-QR-29-12630-3_P1-Thre-1-0-0-6918,1,1.7158,-81.16,-88.93617957,6.0461,12.45902643,-7.77617957,6.412926427
oxalac_opt-QR-29-12630-3_P1-Thre-1-0-0-6935,1,1.7392,-81.4917,-88.54367034,5.7144,12.85153565,-7.051970344,7.137135653
oxalac_opt-QR-29-12630-3_P1-Thre-1-0-0-6948,1,1.7,-80.8197,-86.92106728,6.3864,14.47413872,-6.101367279,8.087738718
oxalac_opt-QR-29-12630-3_P1-Thre-1-0-0-7001,1,1.7251,-81.4773,-87.56762401,5.7288,13.82758199,-6.090324008,8.098781989
oxalac_opt-QR-29-12630-3_P1-Thre-1-0-0-7054,1,1.7263,-81.1733,-89.28666341,6.0328,12.10854258,-8.113363414,6.075742583
oxalac_opt-QR-29-12630-3_P1-Thre-1-0-0-7104,1,1.7771,-81.0215,-89.93000284,6.1846,11.46520316,-8.908502841,5.280603156
oxalac_opt-QR-29-12630-3_P1-Thre-1-0-0-7118,1,1.7771,-80.2451,-89.53039857,6.961,11.86480743,-9.285298567,4.903807429
oxalac_opt-QR-29-12630-3_P1-Thre-1-0-0-7124,1,1.7771,-80.8236,-90.34026681,6.3825,11.05493919,-9.516666811,4.672439186
oxalac_opt-QR-29-12630-3_P1-Thre-1-0-0-7126,1,1.7771,-82.0649,-91.91369035,5.1412,9.481515647,-9.848790349,4.340315647
oxalac_opt-QR-29-12630-3_P1-Thre-1-0-0-7139,1,1.7771,-80.3397,-87.72952032,6.8664,13.66568567,-7.389820324,6.799285673
oxalac_opt-QR-29-12630-3_P1-Thre-1-0-0-7159,1,1.7771,-80.2713,-87.13753641,6.9348,14.25766959,-6.866236408,7.322869589
oxalac_opt-QR-29-12630-3_P1-Thre-1-0-0-7209,1,1.7374,-80.1471,-85.05717207,7.059,16.33803393,-4.910072069,9.279033928
oxalac_opt-QR-29-12630-3_P1-Thre-1-0-0-7238,1,1.8119,-80.0933,-86.29047477,7.1128,15.10473123,-6.197174767,7.991931229
oxalac_opt-QR-29-12630-3_P1-Thre-1-0-0-7254,1,1.7384,-80.4354,-88.03835194,6.7707,13.35685405,-7.602951943,6.586154054
oxalac_opt-QR-29-12630-3_P1-Thre-1-0-0-7262,1,1.7382,-80.3046,-87.97908488,6.9015,13.41612112,-7.674484878,6.514621119
oxalac_opt-QR-29-12630-3_P1-Thre-1-0-0-7278,1,1.7443,-80.1196,-89.69715702,7.0865,11.69804898,-9.577557019,4.611548978
oxalac_opt-QR-29-12630-3_P1-Thre-1-0-0-7287,1,1.6879,-80.4529,-88.86844978,6.7532,12.52675622,-8.415549778,5.773556218
oxalac_opt-QR-29-12630-3_P1-Thre-1-0-0-7296,1,1.6919,-80.2036,-88.50044879,7.0025,12.89475721,-8.296848785,5.892257212
oxalac_opt-QR-29-12630-3_P1-Thre-1-0-0-7303,1,1.6919,-80.2348,-88.58829456,6.9713,12.80691144,-8.353494557,5.83561144
oxalac_opt-QR-29-12630-3_P1-Thre-1-0-0-7481,1,1.7293,-80.793,-89.88107997,6.4131,11.51412603,-9.088079965,5.101026031
oxalac_opt-QR-29-12630-3_P1-Thre-1-0-0-7602,1,1.7813,-79.7385,-88.43613795,7.4676,12.95906805,-8.697637951,5.491468046
oxalac_opt-QR-29-12630-3_P1-Thre-1-0-0-7608,1,1.7804,-80.7414,-88.95245761,6.4647,12.44274839,-8.211057606,5.978048391
oxalac_opt-QR-29-12630-3_P1-Thre-1-0-0-7625,1,1.8252,-79.6104,-87.96559189,7.5957,13.42961411,-8.35519189,5.833914106
oxalac_opt-QR-29-12630-3_P1-Thre-1-0-0-7635,1,1.7594,-79.8557,-88.02140575,7.3504,13.37380025,-8.165705746,6.023400251
oxalac_opt-QR-29-12630-3_P1-Thre-1-0-0-7707,1,1.7546,-80.7448,-90.44816657,6.4613,10.94703943,-9.703366571,4.485739426
oxalac_opt-QR-29-12630-3_P1-Thre-1-0-0-7709,1,1.7546,-80.0757,-88.8957503,7.1304,12.4994557,-8.820050296,5.369055701
oxalac_opt-QR-29-12630-3_P1-Thre-1-0-0-7760,1,1.7774,-82.0038,-90.69786331,5.2023,10.69734269,-8.694063311,5.495042686
oxalac_opt-QR-29-12630-3_P1-Thre-1-0-0-7843,1,1.7299,-79.8,-87.56188651,7.4061,13.83331949,-7.761886509,6.427219488
oxalac_opt-QR-29-12630-3_P1-Thre-1-0-0-7871,1,1.7523,-79.8668,-87.98019325,7.3393,13.41501274,-8.113393253,6.075712744
oxalac_opt-QR-29-12630-3_P1-Thre-1-0-0-7890,1,1.7523,-79.9268,-88.57765271,7.2793,12.81755329,-8.65085271,5.538253287
oxalac_opt-QR-29-12630-3_P1-Thre-1-0-0-7942,1,1.7457,-80.6346,-91.57107223,6.5715,9.824133768,-10.93647223,3.252633768
oxalac_opt-QR-29-12630-3_P1-Thre-1-0-0-8006,1,1.6862,-80.292,-89.3261329,6.9141,12.0690731,-9.0341329,5.154973097
oxalac_opt-QR-29-12630-3_P1-Thre-1-0-0-8059,1,1.7454,-80.3273,-89.76118081,6.8788,11.63402519,-9.43388081,4.755225187
oxalac_opt-QR-29-12630-3_P1-Thre-1-0-0-8116,1,1.6921,-79.5506,-88.02497112,7.6555,13.37023488,-8.47437112,5.714734877
oxalac_opt-QR-29-12630-3_P1-Thre-1-0-0-8217,1,1.6354,-79.9152,-89.47173188,7.2909,11.92347411,-9.556531882,4.632574114
oxalac_opt-QR-29-12630-3_P1-Thre-1-0-0-8442,1,1.6506,-80.4236,-88.27307875,6.7825,13.12212725,-7.849478746,6.339627251
oxalac_opt-QR-29-12630-3_P1-Thre-1-0-0-8462,1,1.6526,-79.361,-88.26434538,7.8451,13.13086062,-8.903345378,5.285760618
oxalac_opt-QR-29-12630-3_P1-Thre-1-0-0-8501,1,1.6293,-79.8077,-87.5084679,7.3984,13.8867381,-7.700767901,6.488338096
oxalac_opt-QR-29-12630-3_P1-Thre-1-0-0-8519,1,1.6282,-78.8789,-88.34813853,8.3272,13.04706747,-9.469238526,4.719867471
oxalac_opt-QR-29-12630-3_P1-Thre-1-0-0-8542,1,1.6422,-78.6063,-89.34719444,8.5998,12.04801156,-10.74089444,3.44821156
oxalac_opt-QR-29-12630-3_P1-Thre-1-0-0-8556,1,1.6813,-79.88,-89.72697749,7.3261,11.66822851,-9.846977492,4.342128505
oxalac_opt-QR-29-12630-3_P1-Thre-1-0-0-8565,1,1.6486,-79.5898,-89.12974646,7.6163,12.26545953,-9.539946464,4.649159533
oxalac_opt-QR-29-12630-3_P1-Thre-1-0-0-8600,1,1.6229,-79.0857,-87.42092702,8.1204,13.97427897,-8.335227023,5.853878974
oxalac_opt-QR-29-12630-3_P1-Thre-1-0-0-8648,1,1.6416,-79.2191,-86.62389446,7.987,14.77131154,-7.404794461,6.784311535
oxalac_opt-QR-29-12630-3_P1-Thre-1-0-0-8799,1,1.7122,-79.9964,-89.73158539,7.2097,11.66362061,-9.735185389,4.453920608
oxalac_opt-QR-29-12630-3_P1-Thre-1-0-0-8823,1,1.7177,-79.9502,-90.42795169,7.2559,10.9672543,-10.47775169,3.711354304
oxalac_opt-QR-29-12630-3_P1-Thre-1-0-0-8835,1,1.7196,-79.2901,-89.00112166,7.916,12.39408434,-9.711021659,4.478084338
oxalac_opt-QR-29-12630-3_P1-Thre-1-0-0-8861,1,1.7126,-80.4608,-92.14271969,6.7453,9.252486302,-11.68191969,2.507186302
oxalac_opt-QR-29-12630-3_P1-Thre-1-0-0-8894,1,1.685,-78.8375,-87.55441517,8.3686,13.84079083,-8.716915169,5.472190827
oxalac_opt-QR-29-12630-3_P1-Thre-1-0-0-8909,1,1.685,-78.6574,-87.2371049,8.5487,14.15810109,-8.579704904,5.609401093
oxalac_opt-QR-29-12630-3_P1-Thre-1-0-0-8923,1,1.687,-78.6193,-89.80717584,8.5868,11.58803016,-11.18787584,3.001230159
oxalac_opt-QR-29-12630-3_P1-Thre-1-0-0-8933,1,1.6867,-78.6208,-89.85420254,8.5853,11.54100346,-11.23340254,2.955703461
oxalac_opt-QR-29-12630-3_P1-Thre-1-0-0-8945,1,1.6725,-79.3282,-90.75715329,7.8779,10.63805271,-11.42895329,2.760152706
oxalac_opt-QR-29-12630-3_P1-Thre-1-0-0-8984,1,1.6478,-80.0877,-89.37321556,7.1184,12.02199044,-9.285515559,4.903590438
oxalac_opt-QR-29-12630-3_P1-Thre-1-0-0-9015,1,1.6183,-79.7863,-89.89287578,7.4198,11.50233022,-10.10657578,4.08253022
oxalac_opt-QR-29-12630-3_P1-Thre-1-0-0-9028,1,1.5821,-78.8326,-89.61370446,8.3735,11.78150153,-10.78110446,3.408001532
oxalac_opt-QR-29-12630-3_P1-Thre-1-0-0-9030,1,1.5821,-78.3792,-88.69543836,8.8269,12.69976764,-10.31623836,3.872867641
oxalac_opt-QR-29-12630-3_P1-Thre-1-0-0-9041,1,1.5623,-78.7934,-89.12302216,8.4127,12.27218384,-10.32962216,3.859483835
oxalac_opt-QR-29-12630-3_P1-Thre-1-0-0-9084,1,1.5543,-78.4863,-87.65794849,8.7198,13.73725751,-9.171648487,5.017457509
oxalac_opt-QR-29-12630-3_P1-Thre-1-0-0-9108,1,1.5524,-78.0933,-87.15799853,9.1128,14.23720747,-9.06469853,5.124407467
oxalac_opt-QR-29-12630-3_P1-Thre-1-0-0-9180,1,1.625,-78.1611,-86.03108029,9.045,15.36412571,-7.86998029,6.319125707
oxalac_opt-QR-29-12630-3_P1-Thre-1-0-0-9286,1,1.7646,-78.2088,-89.52655797,8.9973,11.86864803,-11.31775797,2.871348027
oxalac_opt-QR-29-12630-3_P1-Thre-1-0-0-9300,1,1.7572,-78.3491,-89.74306545,8.857,11.65214054,-11.39396545,2.795140545
oxalac_opt-QR-29-12630-3_P1-Thre-1-0-0-9340,1,1.6583,-79.2323,-89.19314358,7.9738,12.20206241,-9.960843582,4.228262414
oxalac_opt-QR-29-12630-3_P1-Thre-1-0-0-9351,1,1.734,-78.4583,-89.55489185,8.7478,11.84031415,-11.09659185,3.092514152
oxalac_opt-QR-29-12630-3_P1-Thre-1-0-0-9359,1,1.7157,-78.6954,-90.08587365,8.5107,11.30933235,-11.39047365,2.798632348
oxalac_opt-QR-29-12630-3_P1-Thre-1-0-0-9361,1,1.7159,-79.2518,-90.76619879,7.9543,10.62900721,-11.51439879,2.674707208
oxalac_opt-QR-29-12630-3_P1-Thre-1-0-0-9409,1,1.6488,-79.6497,-88.68521284,7.5564,12.70999315,-9.035512842,5.153593154
oxalac_opt-QR-29-12630-3_P1-Thre-1-0-0-9424,1,1.6779,-78.3034,-86.02209148,8.9027,15.37311452,-7.718691477,6.47041452
oxalac_opt-QR-29-12630-3_P1-Thre-1-0-0-9445,1,1.7181,-78.6561,-86.38279722,8.55,15.01240878,-7.726697216,6.46240878
oxalac_opt-QR-29-12630-3_P1-Thre-1-0-0-9486,1,1.7182,-78.449,-88.27373388,8.7571,13.12147212,-9.824733881,4.364372116
oxalac_opt-QR-29-12630-3_P1-Thre-1-0-0-9528,1,1.6714,-78.0438,-85.66020645,9.1623,15.73499955,-7.616406447,6.57269955
oxalac_opt-QR-29-12630-3_P1-Thre-1-0-0-9550,1,1.6527,-78.5161,-86.76555853,8.69,14.62964747,-8.249458532,5.939647465
oxalac_opt-QR-29-12630-3_P1-Thre-1-0-0-9559,1,1.6527,-78.0019,-86.15003003,9.2042,15.24517597,-8.14813003,6.040975967
oxalac_opt-QR-29-12630-3_P1-Thre-1-0-0-9593,1,1.6331,-77.9883,-87.32916564,9.2178,14.06604036,-9.340865636,4.848240361
oxalac_opt-QR-29-12630-3_P1-Thre-1-0-0-9641,1,1.6332,-78.0435,-86.66966203,9.1626,14.72554397,-8.626162026,5.562943971
oxalac_opt-QR-29-12630-3_P1-Thre-1-0-0-9664,1,1.7433,-81.8593,-91.28123109,5.3468,10.11397491,-9.421931088,4.767174908
oxalac_opt-QR-29-12630-3_P1-Thre-1-0-0-9762,1,1.7024,-77.9648,-83.78432149,9.2413,17.61088451,-5.81952149,8.369584507
oxalac_opt-QR-29-12630-3_P1-Thre-1-0-0-9841,1,1.6523,-78.3432,-86.62161307,8.8629,14.77359293,-8.278413066,5.91069293
oxalac_opt-QR-29-12630-3_P1-Thre-1-0-0-9846,1,1.6523,-79.4814,-88.02321099,7.7247,13.37199501,-8.541810986,5.64729501
oxalac_opt-QR-29-12630-3_P1-Thre-1-0-0-9859,1,1.6848,-78.1531,-88.20835158,9.053,13.18685442,-10.05525158,4.133854419
oxalac_opt-QR-29-12630-3_P1-Thre-1-0-0-9869,1,1.6861,-78.6775,-89.79018405,8.5286,11.60502194,-11.11268405,3.076421945
oxalac_opt-QR-29-12630-3_P1-Thre-1-0-0-9891,1,1.7094,-78.3759,-86.52425336,8.8302,14.87095264,-8.148353361,6.040752636
oxalac_opt-QR-29-12630-3_P1-Thre-1-0-0-9910,1,1.6862,-78.9872,-86.36760054,8.2189,15.02760546,-7.380400539,6.808705458
oxalac_opt-QR-29-12630-3_P1-Thre-1-0-0-9942,1,1.666,-79.1626,-86.50812126,8.0435,14.88708474,-7.345521259,6.843584738
oxalac_opt-QR-29-12630-3_P1-Thre-1-0-0-9976,1,1.6272,-77.9008,-84.68883434,9.3053,16.70637166,-6.788034342,7.401071655
oxalac_opt-QR-29-12630-3_P1-Thre-1-0-0-9989,1,1.6787,-78.5525,-84.79061356,8.6536,16.60459244,-6.238113557,7.95099244
oxalac_opt-QR-29-12630-3_P1-Thre-1-0-0-10001,1,1.6783,-77.6989,-85.33723177,9.5072,16.05797423,-7.638331769,6.550774227
oxalac_opt-QR-29-12630-3_P1-Thre-1-0-0-10005,1,1.6783,-77.9969,-85.6521808,9.2092,15.7430252,-7.655280799,6.533825198
oxalac_opt-QR-29-12630-3_P1-Thre-1-0-0-10052,1,1.6617,-77.1725,-85.12233487,10.0336,16.27287113,-7.949834868,6.239271128
oxalac_opt-QR-29-12630-3_P1-Thre-1-0-0-10066,1,1.6614,-77.9763,-86.22163154,9.2298,15.17357446,-8.245331536,5.943774461
oxalac_opt-QR-29-12630-3_P1-Thre-1-0-0-10141,1,1.6602,-77.6669,-86.61255551,9.5392,14.78265049,-8.945655508,5.243450489
oxalac_opt-QR-29-12630-3_P1-Thre-1-0-0-10187,1,1.6282,-77.7423,-85.93921301,9.4638,15.45599299,-8.19691301,5.992192987
oxalac_opt-QR-29-12630-3_P1-Thre-1-0-0-10312,1,1.5856,-77.092,-83.98013456,10.1141,17.41507144,-6.888134562,7.300971435
oxalac_opt-QR-29-12630-3_P1-Thre-1-0-0-10368,1,1.6617,-77.8316,-83.29098825,9.3745,18.10421774,-5.459388253,8.729717744
oxalac_opt-QR-29-12630-3_P1-Thre-1-0-0-10372,1,1.6442,-78.289,-84.65697779,8.9171,16.73822821,-6.367977788,7.821128209
oxalac_opt-QR-29-12630-3_P1-Thre-1-0-0-10536,1,1.6809,-78.5027,-88.52379051,8.7034,12.87141549,-10.02109051,4.168015486
oxalac_opt-QR-29-12630-3_P1-Thre-1-0-0-10542,1,1.6298,-78.3216,-87.39443312,8.8845,14.00077287,-9.072833122,5.116272874
oxalac_opt-QR-29-12630-3_P1-Thre-1-0-0-10581,1,1.6296,-78.1667,-86.91152464,9.0394,14.48368136,-8.744824641,5.444281356
oxalac_opt-QR-29-12630-3_P1-Thre-1-0-0-10583,1,1.6296,-78.7105,-87.5364332,8.4956,13.85877279,-8.825933203,5.363172794
oxalac_opt-QR-29-12630-3_P1-Thre-1-0-0-10588,1,1.6519,-76.6421,-84.86301493,10.564,16.53219107,-8.220914926,5.968191071
oxalac_opt-QR-29-12630-3_P1-Thre-1-0-0-10600,1,1.6519,-77.0284,-84.73989726,10.1777,16.65530874,-7.711497261,6.477608736
oxalac_opt-QR-29-12630-3_P1-Thre-1-0-0-10612,1,1.7181,-77.1325,-85.11916291,10.0736,16.27604308,-7.986662914,6.202443083
oxalac_opt-QR-29-12630-3_P1-Thre-1-0-0-10617,1,1.7181,-76.7048,-85.2821266,10.5013,16.1130794,-8.577326598,5.611779399
oxalac_opt-QR-29-12630-3_P1-Thre-1-0-0-10643,1,1.7181,-77.0111,-85.00459964,10.195,16.39060636,-7.993499637,6.19560636
oxalac_opt-QR-29-12630-3_P1-Thre-1-0-0-10650,1,1.7177,-76.8083,-84.80671358,10.3978,16.58849242,-7.998413578,6.190692419
oxalac_opt-QR-29-12630-3_P1-Thre-1-0-0-10664,1,1.7183,-77.9652,-84.16396344,9.2409,17.23124256,-6.198763435,7.990342562
oxalac_opt-QR-29-12630-3_P1-Thre-1-0-0-10708,1,1.8201,-78.1167,-83.90235993,9.0894,17.49284607,-5.785659926,8.403446071
oxalac_opt-QR-29-12630-3_P1-Thre-1-0-0-10748,1,1.7068,-76.7428,-80.88557311,10.4633,20.50963288,-4.142773114,10.04633288
oxalac_opt-QR-29-12630-3_P1-Thre-1-0-0-10773,1,1.7412,-79.6253,-85.10172778,7.5808,16.29347822,-5.476427778,8.712678219
oxalac_opt-QR-29-12630-3_P1-Thre-1-0-0-10807,1,1.7433,-77.824,-84.50266642,9.3821,16.89253957,-6.678666423,7.510439573
oxalac_opt-QR-29-12630-3_P1-Thre-1-0-0-10851,1,1.8141,-78.3127,-85.16600315,8.8934,16.22920284,-6.853303154,7.335802843
oxalac_opt-QR-29-12630-3_P1-Thre-1-0-0-10909,1,1.6937,-78.4206,-87.00902497,8.7855,14.38618102,-8.588424974,5.600681023
oxalac_opt-QR-29-12630-3_P1-Thre-1-0-0-10934,1,1.7126,-78.9407,-86.88664036,8.2654,14.50856564,-7.945940356,6.243165641
oxalac_opt-QR-29-12630-3_P1-Thre-1-0-0-10946,1,1.7495,-77.1362,-86.16579211,10.0699,15.22941389,-9.029592111,5.159513886
oxalac_opt-QR-29-12630-3_P1-Thre-1-0-0-10965,1,1.7177,-76.6689,-84.13825468,10.5372,17.25695131,-7.469354684,6.719751313
oxalac_opt-QR-29-12630-3_P1-Thre-1-0-0-10974,1,1.7177,-79.0701,-87.14829597,8.136,14.24691003,-8.078195967,6.11091003
oxalac_opt-QR-29-12630-3_P1-Thre-1-0-0-10977,1,1.7177,-77.3151,-85.16603041,9.891,16.22917559,-7.850930411,6.338175586
oxalac_opt-QR-29-12630-3_P1-Thre-1-0-0-11075,1,1.5888,-76.2658,-82.42613858,10.9403,18.96906742,-6.160338581,8.028767416
oxalac_opt-QR-29-12630-3_P1-Thre-1-0-0-11146,1,1.6535,-77.8949,-87.31649663,9.3112,14.07870936,-9.421596633,4.767509364
oxalac_opt-QR-29-12630-3_P1-Thre-1-0-0-11156,1,1.7215,-77.6178,-85.5735472,9.5883,15.82165879,-7.955747203,6.233358794
oxalac_opt-QR-29-12630-3_P1-Thre-1-0-0-11160,1,1.7218,-77.0151,-85.56181121,10.191,15.83339478,-8.546711212,5.642394784
oxalac_opt-QR-29-12630-3_P1-Thre-1-0-0-11419,1,1.6804,-77.2961,-86.99546686,9.91,14.39973914,-9.699366858,4.489739139
oxalac_opt-QR-29-12630-3_P1-Thre-1-0-0-11422,1,1.6804,-77.072,-86.00851189,10.1341,15.3866941,-8.936511894,5.252594103
oxalac_opt-QR-29-12630-3_P1-Thre-1-0-0-11435,1,1.7084,-77.2649,-85.45513947,9.9412,15.94006653,-8.190239469,5.998866528
oxalac_opt-QR-29-12630-3_P1-Thre-1-0-0-11438,1,1.7084,-76.3214,-84.00767485,10.8847,17.38753115,-7.686274845,6.502831151
oxalac_opt-QR-29-12630-3_P1-Thre-1-0-0-11502,1,1.7458,-76.3861,-84.95355095,10.82,16.44165505,-8.567450949,5.621655048
oxalac_opt-QR-29-12630-3_P1-Thre-1-0-0-11503,1,1.7458,-77.5365,-86.73212758,9.6696,14.66307842,-9.195627579,4.993478418
oxalac_opt-QR-29-12630-3_P1-Thre-1-0-0-11532,1,1.7318,-77.3448,-87.42941556,9.8613,13.96579044,-10.08461556,4.104490438
oxalac_opt-QR-29-12630-3_P1-Thre-1-0-0-11539,1,1.732,-78.075,-87.06026084,9.1311,14.33494515,-8.985260843,5.203845154
oxalac_opt-QR-29-12630-3_P1-Thre-1-0-0-11564,1,1.7673,-79.15,-88.5316806,8.0561,12.8635254,-9.381680597,4.8074254
oxalac_opt-QR-29-12630-3_P1-Thre-1-0-0-11569,1,1.7677,-79.5837,-88.2465354,7.6224,13.1486706,-8.662835397,5.5262706
oxalac_opt-QR-29-12630-3_P1-Thre-1-0-0-11618,1,1.6901,-77.0141,-85.77158426,10.192,15.62362174,-8.757484261,5.431621736
oxalac_opt-QR-29-12630-3_P1-Thre-1-0-0-11634,1,1.6901,-75.8888,-84.14112536,11.3173,17.25408063,-8.252325363,5.936780634
oxalac_opt-QR-29-12630-3_P1-Thre-1-0-0-11656,1,1.7079,-75.9111,-85.56735526,11.295,15.82785074,-9.656255258,4.532850739
oxalac_opt-QR-29-12630-3_P1-Thre-1-0-0-11664,1,1.7852,-77.5539,-91.24706685,9.6522,10.14813915,-13.69316685,0.49593915
oxalac_opt-QR-29-12630-3_P1-Thre-1-0-0-11684,1,1.7103,-77.7935,-88.51961583,9.4126,12.87559016,-10.72611583,3.462990164
oxalac_opt-QR-29-12630-3_P1-Thre-1-0-0-11810,1,1.7993,-75.6263,-87.94552463,11.5798,13.44968136,-12.31922463,1.869881362
oxalac_opt-QR-29-12630-3_P1-Thre-1-0-0-11877,1,1.5856,-75.6119,-84.32633711,11.5942,17.06886889,-8.714437112,5.474668885
oxalac_opt-QR-29-12630-3_P1-Thre-1-0-0-11960,1,1.5843,-76.3471,-85.16085397,10.859,16.23435202,-8.813753974,5.375352023
oxalac_opt-QR-29-12630-3_P1-Thre-1-0-0-11971,1,1.5843,-75.9267,-86.48499301,11.2794,14.91021299,-10.55829301,3.63081299
oxalac_opt-QR-29-12630-3_P1-Thre-1-0-0-12004,1,1.6297,-76.5867,-85.8305392,10.6194,15.5646668,-9.243839196,4.945266801
oxalac_opt-QR-29-12630-3_P1-Thre-1-0-0-12011,1,1.6782,-76.4202,-86.11312802,10.7859,15.28207798,-9.692928018,4.496177979
oxalac_opt-QR-29-12630-3_P1-Thre-1-0-0-12012,1,1.678,-76.9244,-86.54831149,10.2817,14.84689451,-9.62391149,4.565194507
oxalac_opt-QR-29-12630-3_P1-Thre-1-0-0-12024,1,1.6406,-75.4003,-84.98898687,11.8058,16.40621913,-9.588686867,4.60041913
oxalac_opt-QR-29-12630-3_P1-Thre-1-0-0-12052,1,1.6752,-76.3758,-85.2690977,10.8303,16.12610829,-8.893297705,5.295808292
oxalac_opt-QR-29-12630-3_P1-Thre-1-0-0-12065,1,1.6749,-75.6231,-84.90351632,11.583,16.49168967,-9.280416322,4.908689675
oxalac_opt-QR-29-12630-3_P1-Thre-1-0-0-12073,1,1.6734,-75.4339,-83.31544294,11.7722,18.07976306,-7.881542937,6.30756306
oxalac_opt-QR-29-12630-3_P1-Thre-1-0-0-12190,1,1.6393,-76.3826,-82.58451656,10.8235,18.81068944,-6.20191656,7.987189437
oxalac_opt-QR-29-12630-3_P1-Thre-1-0-0-12217,1,1.7974,-76.1779,-83.86630674,11.0282,17.52889925,-7.688406744,6.500699253
oxalac_opt-QR-29-12630-3_P1-Thre-1-0-0-12245,1,1.8092,-75.9355,-87.75813521,11.2706,13.63707078,-11.82263521,2.366470784
oxalac_opt-QR-29-12630-3_P1-Thre-1-0-0-12301,1,1.7623,-75.5506,-87.06342122,11.6555,14.33178478,-11.51282122,2.676284778
oxalac_opt-QR-29-12630-3_P1-Thre-1-0-0-12333,1,1.7625,-75.8159,-82.65577723,11.3902,18.73942877,-6.839877231,7.349228766
oxalac_opt-QR-29-12630-3_P1-Thre-1-0-0-12366,1,1.7494,-75.9258,-82.16520878,11.2803,19.22999722,-6.239408781,7.949697216
oxalac_opt-QR-29-12630-3_P1-Thre-1-0-0-12383,1,1.7494,-76.877,-83.43298423,10.3291,17.96222176,-6.555984233,7.633121764
oxalac_opt-QR-29-12630-3_P1-Thre-1-0-0-12384,1,1.7482,-78.0141,-84.96444076,9.192,16.43076523,-6.950340763,7.238765234
oxalac_opt-QR-29-12630-3_P1-Thre-1-0-0-12433,1,1.7747,-76.2793,-85.31177991,10.9268,16.08342609,-9.03247991,5.156626087
oxalac_opt-QR-29-12630-3_P1-Thre-1-0-0-12448,1,1.7039,-75.982,-85.33144072,11.2241,16.06376528,-9.349440721,4.839665276
oxalac_opt-QR-29-12630-3_P1-Thre-1-0-0-12538,1,1.7954,-75.5383,-81.68155061,11.6678,19.71365539,-6.143250608,8.045855388
oxalac_opt-QR-29-12630-3_P1-Thre-1-0-0-12563,1,1.7502,-75.0423,-82.50598162,12.1638,18.88922438,-7.46368162,6.725424377
oxalac_opt-QR-29-12630-3_P1-Thre-1-0-0-12591,1,1.7506,-75.2642,-82.07363023,11.9419,19.32157576,-6.809430234,7.379675763
oxalac_opt-QR-29-12630-3_P1-Thre-1-0-0-12600,1,1.7286,-75.3428,-83.04756547,11.8633,18.34764053,-7.704765471,6.484340526
oxalac_opt-QR-29-12630-3_P1-Thre-1-0-0-12671,1,1.6742,-75.379,-80.9050506,11.8271,20.49015539,-5.526050603,8.663055394
oxalac_opt-QR-29-12630-3_P1-Thre-1-0-0-12675,1,1.6742,-75.1091,-80.54606182,12.097,20.84914418,-5.43696182,8.752144177
oxalac_opt-QR-29-12630-3_P1-Thre-1-0-0-12757,1,1.5673,-74.666,-81.24783806,12.5401,20.14736794,-6.581838055,7.607267941
oxalac_opt-QR-29-12630-3_P1-Thre-1-0-0-12765,1,1.5667,-76.1028,-82.98609589,11.1033,18.40911011,-6.883295887,7.305810109
oxalac_opt-QR-29-12630-3_P1-Thre-1-0-0-12790,1,1.5721,-74.8273,-81.8462819,12.3788,19.54892409,-7.018981904,7.170124093
oxalac_opt-QR-29-12630-3_P1-Thre-1-0-0-12892,1,1.7392,-74.9705,-80.48425574,12.2356,20.91095025,-5.513755744,8.675350253
oxalac_opt-QR-29-12630-3_P1-Thre-1-0-0-12910,1,1.7685,-74.6011,-83.49462242,12.605,17.90058357,-8.893522424,5.295583573
oxalac_opt-QR-29-12630-3_P1-Thre-1-0-0-12918,1,1.7682,-75.5838,-85.0426573,11.6223,16.3525487,-9.458857301,4.730248695
oxalac_opt-QR-29-12630-3_P1-Thre-1-0-0-12935,1,1.7681,-80.9411,-91.12121985,6.265,10.27398614,-10.18011985,4.008986142
oxalac_opt-QR-29-12630-3_P1-Thre-1-0-0-13067,1,1.6848,-74.9967,-84.27641778,12.2094,17.11878821,-9.279717785,4.909388212
oxalac_opt-QR-29-12630-3_P1-Thre-1-0-0-13077,1,1.641,-75.5437,-84.9199661,11.6624,16.47523989,-9.376266102,4.812839895
oxalac_opt-QR-29-12630-3_P1-Thre-1-0-0-13127,1,1.6659,-74.758,-83.61724271,12.4481,17.77796329,-8.859242707,5.32986329
oxalac_opt-QR-29-12630-3_P1-Thre-1-0-0-13128,1,1.6659,-74.5414,-82.95988107,12.6647,18.43532493,-8.41848107,5.770624926
oxalac_opt-QR-29-12630-3_P1-Thre-1-0-0-13256,1,1.6431,-74.2415,-82.26737804,12.9646,19.12782796,-8.025878038,6.163227959
oxalac_opt-QR-29-12630-3_P1-Thre-1-0-0-13398,1,1.6954,-74.3326,-80.76898775,12.8735,20.62621825,-6.436387746,7.752718251
oxalac_opt-QR-29-12630-3_P1-Thre-1-0-0-13422,1,1.6977,-74.1856,-80.72592563,13.0205,20.66928037,-6.540325629,7.648780367
oxalac_opt-QR-29-12630-3_P1-Thre-1-0-0-13429,1,1.698,-74.4477,-80.78852747,12.7584,20.60667853,-6.340827468,7.848278529
oxalac_opt-QR-29-12630-3_P1-Thre-1-0-0-13437,1,1.6966,-74.4517,-80.7681792,12.7544,20.6270268,-6.316479199,7.872626798
oxalac_opt-QR-29-12630-3_P1-Thre-1-0-0-13460,1,1.6346,-74.9188,-80.31086417,12.2873,21.08434183,-5.392064169,8.797041828
oxalac_opt-QR-29-12630-3_P1-Thre-1-0-0-13500,1,1.6271,-75.3208,-81.1963974,11.8853,20.1988086,-5.875597396,8.313508601
oxalac_opt-QR-29-12630-3_P1-Thre-1-0-0-13523,1,1.6986,-74.3733,-80.40520195,12.8328,20.99000404,-6.031901955,8.157204042
oxalac_opt-QR-29-12630-3_P1-Thre-1-0-0-13556,1,1.7261,-73.7938,-80.82880815,13.4123,20.56639784,-7.035008154,7.154097843
oxalac_opt-QR-29-12630-3_P1-Thre-1-0-0-13585,1,1.6998,-74.6526,-84.2024671,12.5535,17.19273889,-9.549867103,4.639238894
oxalac_opt-QR-29-12630-3_P1-Thre-1-0-0-13587,1,1.6886,-74.9682,-83.95779122,12.2379,17.43741478,-8.989591218,5.199514779
oxalac_opt-QR-29-12630-3_P1-Thre-1-0-0-13602,1,1.6944,-76.781,-83.22584909,10.4251,18.1693569,-6.444849092,7.744256905
oxalac_opt-QR-29-12630-3_P1-Thre-1-0-0-13632,1,1.6405,-74.1843,-78.49008487,13.0218,22.90512113,-4.305784865,9.883321131
oxalac_opt-QR-29-12630-3_P1-Thre-1-0-0-13670,1,1.787,-75.5164,-80.01019786,11.6897,21.38500814,-4.49379786,9.695308137
oxalac_opt-QR-29-12630-3_P1-Thre-1-0-0-13691,1,1.7892,-73.694,-79.14468992,13.5121,22.25051608,-5.450689917,8.73841608
oxalac_opt-QR-29-12630-3_P1-Thre-1-0-0-13713,1,1.7862,-74.2228,-79.06498582,12.9833,22.33022018,-4.842185816,9.346920181
oxalac_opt-QR-29-12630-3_P1-Thre-1-0-0-13760,1,1.7421,-74.388,-79.62975919,12.8181,21.76544681,-5.241759187,8.94734681
oxalac_opt-QR-29-12630-3_P1-Thre-1-0-0-13825,1,1.7088,-74.2094,-81.61715704,12.9967,19.77804896,-7.407757038,6.781348959
oxalac_opt-QR-29-12630-3_P1-Thre-1-0-0-13883,1,1.778,-74.902,-81.75625918,12.3041,19.63894681,-6.854259182,7.334846815
oxalac_opt-QR-29-12630-3_P1-Thre-1-0-0-13898,1,1.7788,-76.1399,-84.44832493,11.0662,16.94688106,-8.308424933,5.880681063
oxalac_opt-QR-29-12630-3_P1-Thre-1-0-0-13901,1,1.7792,-75.7679,-83.91605722,11.4382,17.47914878,-8.148157222,6.040948775
oxalac_opt-QR-29-12630-3_P1-Thre-1-0-0-13925,1,1.7309,-73.8168,-82.56272994,13.3893,18.83247606,-8.745929936,5.443176061
oxalac_opt-QR-29-12630-3_P1-Thre-1-0-0-13968,1,1.6788,-74.7845,-81.53906135,12.4216,19.85614465,-6.754561347,7.434544649
oxalac_opt-QR-29-12630-3_P1-Thre-1-0-0-14014,1,1.6566,-73.5781,-80.20395121,13.628,21.19125479,-6.625851212,7.563254785
oxalac_opt-QR-29-12630-3_P1-Thre-1-0-0-14045,1,1.6884,-76.9442,-85.0971083,10.2619,16.29809769,-8.152908302,6.036197695
oxalac_opt-QR-29-12630-3_P1-Thre-1-0-0-14047,1,1.6884,-75.8831,-83.68331802,11.323,17.71188798,-7.800218016,6.38888798
oxalac_opt-QR-29-12630-3_P1-Thre-1-0-0-14064,1,1.6872,-74.2762,-80.22890328,12.9299,21.16630272,-5.952703277,8.23640272
oxalac_opt-QR-29-12630-3_P1-Thre-1-0-0-14131,1,1.676,-73.3128,-78.7007943,13.8933,22.69441169,-5.387994304,8.801111693
oxalac_opt-QR-29-12630-3_P1-Thre-1-0-0-14146,1,1.6651,-73.4855,-80.02110359,13.7206,21.3741024,-6.535603594,7.653502403
oxalac_opt-QR-29-12630-3_P1-Thre-1-0-0-14241,1,1.7329,-74.8909,-85.56414592,12.3152,15.83106008,-10.67324592,3.515860081
oxalac_opt-QR-29-12630-3_P1-Thre-1-0-0-14266,1,1.6456,-73.2921,-82.94948502,13.914,18.44572098,-9.65738502,4.531720977
oxalac_opt-QR-29-12630-3_P1-Thre-1-0-0-14279,1,1.6622,-74.1136,-83.92041136,13.0925,17.47479463,-9.806811362,4.382294634
oxalac_opt-QR-29-12630-3_P1-Thre-1-0-0-14285,1,1.6615,-74.3397,-84.71475608,12.8664,16.68044991,-10.37505608,3.814049912
oxalac_opt-QR-29-12630-3_P1-Thre-1-0-0-14339,1,1.6118,-74.4047,-81.79177784,12.8014,19.60342816,-7.387077836,6.802028161
oxalac_opt-QR-29-12630-3_P1-Thre-1-0-0-14352,1,1.654,-74.2924,-82.59315055,12.9137,18.80205545,-8.300750548,5.888355449
oxalac_opt-QR-29-12630-3_P1-Thre-1-0-0-14422,1,1.6788,-73.6273,-81.18531316,13.5788,20.20989283,-7.558013164,6.631092833
oxalac_opt-QR-29-12630-3_P1-Thre-1-0-0-14451,1,1.6996,-74.6392,-83.8865853,12.5669,17.50862069,-9.247385302,4.941720695
oxalac_opt-QR-29-12630-3_P1-Thre-1-0-0-14495,1,1.6852,-73.8584,-79.05397443,13.3477,22.34123157,-5.19557443,8.993531566
oxalac_opt-QR-29-12630-3_P1-Thre-1-0-0-14524,1,1.6672,-74.0883,-80.06435169,13.1178,21.33085431,-5.976051686,8.213054311
oxalac_opt-QR-29-12630-3_P1-Thre-1-0-0-14542,1,1.6847,-73.4515,-79.45223852,13.7546,21.94296747,-6.000738523,8.188367474
oxalac_opt-QR-29-12630-3_P1-Thre-1-0-0-14603,1,1.6448,-74.6129,-78.94948253,12.5932,22.44572347,-4.336582531,9.852523466
oxalac_opt-QR-29-12630-3_P1-Thre-1-0-0-14646,1,1.6657,-73.2965,-78.21152093,13.9096,23.18368507,-4.915020928,9.274085069
oxalac_opt-QR-29-12630-3_P1-Thre-1-0-0-14647,1,1.6657,-73.1144,-77.62858516,14.0917,23.76662083,-4.514185163,9.674920833
oxalac_opt-QR-29-12630-3_P1-Thre-1-0-0-14688,1,1.666,-72.6956,-77.4296836,14.5105,23.9655224,-4.734083596,9.4550224
oxalac_opt-QR-29-12630-3_P1-Thre-1-0-0-14758,1,1.5718,-72.8863,-76.93445298,14.3198,24.46075302,-4.048152976,10.14095302
oxalac_opt-QR-29-12630-3_P1-Thre-1-0-0-14830,1,1.6323,-73.4342,-79.87956399,13.7719,21.51564201,-6.44536399,7.743742007
oxalac_opt-QR-29-12630-3_P1-Thre-1-0-0-14884,1,1.6603,-73.3363,-78.30204754,13.8698,23.09315845,-4.965747544,9.223358453
oxalac_opt-QR-29-12630-3_P1-Thre-1-0-0-14944,1,1.6038,-73.8144,-79.22113161,13.3917,22.17407439,-5.406731608,8.782374389
oxalac_opt-QR-29-12630-3_P1-Thre-1-0-0-15061,1,1.6944,-73.308,-77.65704568,13.8981,23.73816032,-4.349045676,9.840060321
oxalac_opt-QR-29-12630-3_P1-Thre-1-0-0-15171,1,1.6412,-72.224,-75.54912344,14.9821,25.84608255,-3.325123444,10.86398255
oxalac_opt-QR-29-12630-3_P1-Thre-1-0-0-15204,1,1.6603,-73.5338,-75.92404364,13.6723,25.47116236,-2.39024364,11.79886236
oxalac_opt-QR-29-12630-3_P1-Thre-1-0-0-15207,1,1.5974,-72.2956,-75.10560316,14.9105,26.28960284,-2.810003159,11.37910284
oxalac_opt-QR-29-12630-3_P1-Thre-1-0-0-15222,1,1.6551,-72.5622,-74.15894094,14.6439,27.23626505,-1.596740942,12.59236505
oxalac_opt-QR-29-12630-3_P1-Thre-1-0-0-15261,1,1.6801,-72.4881,-76.1203746,14.718,25.2748314,-3.632274597,10.5568314
oxalac_opt-QR-29-12630-3_P1-Thre-1-0-0-15281,1,1.6455,-72.1825,-73.12149811,15.0236,28.27370789,-0.938998111,13.25010789
oxalac_opt-QR-29-12630-3_P1-Thre-1-0-0-15304,1,1.6886,-72.1108,-72.03867366,15.0953,29.35653234,0.072126344,14.26123234
oxalac_opt-QR-29-12630-3_P1-Thre-1-0-0-15324,1,1.7324,-73.175,-72.46552852,14.0311,28.92967748,0.709471484,14.89857748
oxalac_opt-QR-29-12630-3_P1-Thre-1-0-0-15379,1,1.6691,-73.8239,-76.75387638,13.3822,24.64132962,-2.929976381,11.25912962
oxalac_opt-QR-29-12630-3_P1-Thre-1-0-0-15385,1,1.6691,-72.9874,-75.26123275,14.2187,26.13397324,-2.273832754,11.91527324
oxalac_opt-QR-29-12630-3_P1-Thre-1-0-0-15411,1,1.6263,-72.3279,-75.42334182,14.8782,25.97186418,-3.09544182,11.09366418
oxalac_opt-QR-29-12630-3_P1-Thre-1-0-0-15418,1,1.6263,-72.8015,-75.81239157,14.4046,25.58281443,-3.010891565,11.17821443
oxalac_opt-QR-29-12630-3_P1-Thre-1-0-0-15441,1,1.6316,-72.4137,-75.13222297,14.7924,26.26298302,-2.718522973,11.47058302
oxalac_opt-QR-29-12630-3_P1-Thre-1-0-0-15475,1,1.6749,-75.1353,-79.48854233,12.0708,21.90666367,-4.353242326,9.835863671
oxalac_opt-QR-29-12630-3_P1-Thre-1-0-0-15494,1,1.6779,-74.1396,-74.81952326,13.0665,26.57568274,-0.679923258,13.50918274
oxalac_opt-QR-29-12630-3_P1-Thre-1-0-0-15500,1,1.6779,-72.7771,-73.54205007,14.429,27.85315593,-0.764950068,13.42415593
oxalac_opt-QR-29-12630-3_P1-Thre-1-0-0-15503,1,1.6779,-74.6734,-76.16152269,12.5327,25.23368331,-1.488122686,12.70098331
oxalac_opt-QR-29-12630-3_P1-Thre-1-0-0-15508,1,1.6778,-72.1658,-74.25846819,15.0403,27.13673781,-2.09266819,12.09643781
oxalac_opt-QR-29-12630-3_P1-Thre-1-0-0-15530,1,1.6964,-73.2169,-73.54259497,13.9892,27.85261103,-0.325694968,13.86341103
oxalac_opt-QR-29-12630-3_P1-Thre-1-0-0-15539,1,1.6265,-71.7984,-75.55067734,15.4077,25.84452866,-3.75227734,10.43682866
oxalac_opt-QR-29-12630-3_P1-Thre-1-0-0-15776,1,1.6055,-73.9376,-78.37135463,13.2685,23.02385137,-4.433754629,9.755351368
oxalac_opt-QR-29-12630-3_P1-Thre-1-0-0-15797,1,1.6489,-73.3912,-78.79316837,13.8149,22.60203762,-5.401968373,8.787137624
oxalac_opt-QR-29-12630-3_P1-Thre-1-0-0-15879,1,1.7316,-74.2027,-81.43935247,13.0034,19.95585353,-7.236652466,6.952453531
oxalac_opt-QR-29-12630-3_P1-Thre-1-0-0-15883,1,1.7316,-75.2218,-82.89395797,11.9843,18.50124803,-7.672157967,6.51694803
oxalac_opt-QR-29-12630-3_P1-Thre-1-0-0-15888,1,1.7316,-72.1309,-79.93041995,15.0752,21.46478605,-7.799519948,6.389586049
oxalac_opt-QR-29-12630-3_P1-Thre-1-0-0-15940,1,1.73,-73.0786,-78.52754504,14.1275,22.86766095,-5.448945045,8.740160952
oxalac_opt-QR-29-12630-3_P1-Thre-1-0-0-15974,1,1.5107,-73.1687,-80.48334251,14.0374,20.91186349,-7.31464251,6.874463486
oxalac_opt-QR-29-12630-3_P1-Thre-1-0-0-15976,1,1.4829,-72.7845,-79.67309315,14.4216,21.72211285,-6.88859315,7.300512846
oxalac_opt-QR-29-12630-3_P1-Thre-1-0-0-16023,1,1.6435,-71.2644,-76.18296244,15.9417,25.21224355,-4.918562445,9.270543552
oxalac_opt-QR-29-12630-3_P1-Thre-1-0-0-16049,1,1.5949,-73.3802,-80.10963562,13.8259,21.28557038,-6.729435617,7.459670379
oxalac_opt-QR-29-12630-3_P1-Thre-1-0-0-16094,1,1.7107,-71.1814,-75.30864515,16.0247,26.08656084,-4.127245152,10.06186084
oxalac_opt-QR-29-12630-3_P1-Thre-1-0-0-16107,1,1.7098,-72.0905,-76.3578493,15.1156,25.0373567,-4.267349301,9.921756696
oxalac_opt-QR-29-12630-3_P1-Thre-1-0-0-16121,1,1.6932,-73.1696,-79.39163707,14.0365,22.00356893,-6.222037066,7.967068931
oxalac_opt-QR-29-12630-3_P1-Thre-1-0-0-16138,1,1.6954,-72.8963,-78.29601022,14.3098,23.09919578,-5.399710217,8.789395779
oxalac_opt-QR-29-12630-3_P1-Thre-1-0-0-16185,1,1.6742,-71.9748,-79.88911507,15.2313,21.50609093,-7.91431507,6.274790927
oxalac_opt-QR-29-12630-3_P1-Thre-1-0-0-16190,1,1.6742,-72.7224,-80.60555201,14.4837,20.78965399,-7.883152007,6.30595399
oxalac_opt-QR-29-12630-3_P1-Thre-1-0-0-16248,1,1.6377,-71.889,-78.09663925,15.3171,23.29856675,-6.207639249,7.981466747
oxalac_opt-QR-29-12630-3_P1-Thre-1-0-0-16331,1,1.5687,-71.5206,-78.07973623,15.6855,23.31546977,-6.55913623,7.629969767
oxalac_opt-QR-29-12630-3_P1-Thre-1-0-0-16334,1,1.5687,-72.9935,-78.94660558,14.2126,22.44860042,-5.95310558,8.236000416
oxalac_opt-QR-29-12630-3_P1-Thre-1-0-0-16340,1,1.5009,-71.5288,-77.38144794,15.6773,24.01375806,-5.852647938,8.336458059
oxalac_opt-QR-29-12630-3_P1-Thre-1-0-0-16389,1,1.5998,-72.0941,-77.92693052,15.112,23.46827548,-5.832830518,8.356275478
oxalac_opt-QR-29-12630-3_P1-Thre-1-0-0-16462,1,1.6013,-73.3666,-79.70963624,13.8395,21.68556976,-6.343036237,7.84606976
oxalac_opt-QR-29-12630-3_P1-Thre-1-0-0-16471,1,1.6012,-73.7954,-78.17031591,13.4107,23.22489008,-4.374915913,9.814190084
oxalac_opt-QR-29-12630-3_P1-Thre-1-0-0-16475,1,1.6083,-72.9549,-77.62704839,14.2512,23.7681576,-4.672148394,9.516957603
oxalac_opt-QR-29-12630-3_P1-Thre-1-0-0-16494,1,1.6083,-71.9948,-77.65650777,15.2113,23.73869823,-5.66170777,8.527398227
oxalac_opt-QR-29-12630-3_P1-Thre-1-0-0-16587,1,1.6993,-70.7129,-76.62964431,16.4932,24.76556169,-5.916744312,8.272361685
oxalac_opt-QR-29-12630-3_P1-Thre-1-0-0-16599,1,1.6641,-72.4566,-78.1090504,14.7495,23.2861556,-5.652450396,8.536655601
oxalac_opt-QR-29-12630-3_P1-Thre-1-0-0-16606,1,1.6719,-72.1426,-78.19576005,15.0635,23.19944594,-6.053160053,8.135945944
oxalac_opt-QR-29-12630-3_P1-Thre-1-0-0-16649,1,1.7189,-71.4003,-77.864615,15.8058,23.530591,-6.464315,7.724790997
oxalac_opt-QR-29-12630-3_P1-Thre-1-0-0-16724,1,1.6448,-73.3849,-79.65484947,13.8212,21.74035653,-6.269949467,7.91915653
oxalac_opt-QR-29-12630-3_P1-Thre-1-0-0-16737,1,1.651,-73.5013,-79.56144566,13.7048,21.83376034,-6.060145659,8.128960338
oxalac_opt-QR-29-12630-3_P1-Thre-1-0-0-16744,1,1.651,-70.6388,-77.35713702,16.5673,24.03806898,-6.718337017,7.470768979
oxalac_opt-QR-29-12630-3_P1-Thre-1-0-0-16815,1,1.7194,-72.2944,-81.32327702,14.9117,20.07192897,-9.028877023,5.160228974
oxalac_opt-QR-29-12630-3_P1-Thre-1-0-0-16881,1,1.7448,-71.3903,-78.76041619,15.8158,22.6347898,-7.370116194,6.818989803
oxalac_opt-QR-29-12630-3_P1-Thre-1-0-0-16918,1,1.6971,-71.9245,-77.30794784,15.2816,24.08725815,-5.383447843,8.805658154
oxalac_opt-QR-29-12630-3_P1-Thre-1-0-0-16919,1,1.6971,-71.0955,-76.79844801,16.1106,24.59675799,-5.70294801,8.486157986
oxalac_opt-QR-29-12630-3_P1-Thre-1-0-0-16930,1,1.6923,-71.6741,-77.61102146,15.532,23.78418454,-5.93692146,8.252184536
oxalac_opt-QR-29-12630-3_P1-Thre-1-0-0-16981,1,1.7272,-74.7983,-81.60434427,12.4078,19.79086173,-6.806044271,7.383061725
oxalac_opt-QR-29-12630-3_P1-Thre-1-0-0-16983,1,1.7272,-73.5205,-78.07440059,13.6856,23.3208054,-4.553900592,9.635205405
oxalac_opt-QR-29-12630-3_P1-Thre-1-0-0-17066,1,1.6363,-71.6585,-77.96432726,15.5476,23.43087874,-6.305827259,7.883278738
oxalac_opt-QR-29-12630-3_P1-Thre-1-0-0-17089,1,1.5959,-71.2315,-77.26537418,15.9746,24.12983181,-6.033874183,8.155231813
oxalac_opt-QR-29-12630-3_P1-Thre-1-0-0-17099,1,1.5947,-72.2804,-78.11902239,14.9257,23.2761836,-5.838622393,8.350483603
oxalac_opt-QR-29-12630-3_P1-Thre-1-0-0-17120,1,1.5947,-70.6412,-74.92176174,16.5649,26.47344425,-4.280561743,9.908544254
oxalac_opt-QR-29-12630-3_P1-Thre-1-0-0-17127,1,1.5945,-70.7155,-74.81563538,16.4906,26.57957061,-4.100135382,10.08897061
oxalac_opt-QR-29-12630-3_P1-Thre-1-0-0-17133,1,1.5945,-70.8421,-74.7965091,16.364,26.5986969,-3.9544091,10.2346969
oxalac_opt-QR-29-12630-3_P1-Thre-1-0-0-17189,1,1.6785,-72.7265,-76.04705276,14.4796,25.34815324,-3.320552758,10.86855324
oxalac_opt-QR-29-12630-3_P1-Thre-1-0-0-17190,1,1.6785,-72.0267,-74.83876701,15.1794,26.55643899,-2.812067011,11.37703899
oxalac_opt-QR-29-12630-3_P1-Thre-1-0-0-17282,1,1.6401,-70.6955,-74.57321677,16.5106,26.82198923,-3.877716771,10.31138923
oxalac_opt-QR-29-12630-3_P1-Thre-1-0-0-17359,1,1.6123,-70.5206,-73.38089379,16.6855,28.0143122,-2.860293794,11.3288122
oxalac_opt-QR-29-12630-3_P1-Thre-1-0-0-17521,1,1.572,-69.913,-75.96380113,17.2931,25.43140486,-6.050801134,8.138304862
oxalac_opt-QR-29-12630-3_P1-Thre-1-0-0-17686,1,1.6519,-72.2055,-79.83166217,15.0006,21.56354383,-7.62616217,6.562943827
oxalac_opt-QR-29-12630-3_P1-Thre-1-0-0-17693,1,1.6519,-73.5329,-81.44184444,13.6732,19.95336156,-7.90894444,6.280161557
oxalac_opt-QR-29-12630-3_P1-Thre-1-0-0-17715,1,1.6659,-71.7862,-77.87145726,15.4199,23.52374874,-6.085257256,8.103848741
oxalac_opt-QR-29-12630-3_P1-Thre-1-0-0-17717,1,1.6663,-72.2866,-78.66241631,14.9195,22.73278969,-6.375816308,7.813289688
oxalac_opt-QR-29-12630-3_P1-Thre-1-0-0-17755,1,1.6451,-69.9981,-74.50077223,17.208,26.89443377,-4.502672225,9.686433772
oxalac_opt-QR-29-12630-3_P1-Thre-1-0-0-17899,1,1.7643,-70.5203,-74.5846662,16.6858,26.8105398,-4.0643662,10.1247398
oxalac_opt-QR-29-12630-3_P1-Thre-1-0-0-17922,1,1.7512,-70.5376,-73.80619114,16.6685,27.58901486,-3.26859114,10.92051486
oxalac_opt-QR-29-12630-3_P1-Thre-1-0-0-17937,1,1.6966,-71.6241,-75.50042369,15.582,25.89478231,-3.876323691,10.31278231
oxalac_opt-QR-29-12630-3_P1-Thre-1-0-0-17967,1,1.6263,-70.6986,-73.72845269,16.5075,27.66675331,-3.029852687,11.15925331
oxalac_opt-QR-29-12630-3_P1-Thre-1-0-0-17976,1,1.626,-70.1154,-72.84870978,17.0907,28.54649621,-2.733309784,11.45579621
oxalac_opt-QR-29-12630-3_P1-Thre-1-0-0-18038,1,1.6217,-70.9834,-73.18099095,16.2227,28.21421505,-2.197590951,11.99151505
oxalac_opt-QR-29-12630-3_P1-Thre-1-0-0-18047,1,1.4823,-69.1775,-71.7433975,18.0286,29.6518085,-2.565897499,11.6232085
oxalac_opt-QR-29-12630-3_P1-Thre-1-0-0-18114,1,1.5955,-70.8847,-73.12584381,16.3214,28.26936219,-2.241143809,11.94796219
oxalac_opt-QR-29-12630-3_P1-Thre-1-0-0-18125,1,1.5955,-69.2649,-71.95154212,17.9412,29.44366388,-2.686642117,11.50246388
oxalac_opt-QR-29-12630-3_P1-Thre-1-0-0-18183,1,1.5832,-70.6165,-72.45893664,16.5896,28.93626936,-1.84243664,12.34666936
oxalac_opt-QR-29-12630-3_P1-Thre-1-0-0-18197,1,1.5692,-71.5337,-73.40745885,15.6724,27.98774714,-1.873758853,12.31534714
oxalac_opt-QR-29-12630-3_P1-Thre-1-0-0-18199,1,1.5692,-69.8826,-72.01211728,17.3235,29.38308872,-2.129517281,12.05958872
oxalac_opt-QR-29-12630-3_P1-Thre-1-0-0-18205,1,1.5783,-69.4484,-72.46474554,17.7577,28.93046046,-3.016345538,11.17276046
oxalac_opt-QR-29-12630-3_P1-Thre-1-0-0-18233,1,1.6643,-69.1593,-70.81447555,18.0468,30.58073044,-1.655175552,12.53393044
oxalac_opt-QR-29-12630-3_P1-Thre-1-0-0-18240,1,1.57,-69.2273,-71.07506693,17.9788,30.32013907,-1.84776693,12.34133907
oxalac_opt-QR-29-12630-3_P1-Thre-1-0-0-18243,1,1.57,-70.325,-72.0338026,16.8811,29.3614034,-1.708802595,12.4803034
oxalac_opt-QR-29-12630-3_P1-Thre-1-0-0-18268,1,1.595,-71.1118,-70.94248261,16.0943,30.45272339,0.16931739,14.35842339
oxalac_opt-QR-29-12630-3_P1-Thre-1-0-0-18305,1,1.6145,-70.4878,-70.04671109,16.7183,31.34849491,0.441088915,14.63019491
oxalac_opt-QR-29-12630-3_P1-Thre-1-0-0-18306,1,1.6145,-70.4144,-70.03948241,16.7917,31.35572359,0.374917594,14.56402359
oxalac_opt-QR-29-12630-3_P1-Thre-1-0-0-18318,1,1.6441,-71.4658,-70.71192494,15.7403,30.68328106,0.753875063,14.94298106
oxalac_opt-QR-29-12630-3_P1-Thre-1-0-0-18358,1,1.6252,-71.7845,-71.80846261,15.4216,29.58674339,-0.023962607,14.16514339
oxalac_opt-QR-29-12630-3_P1-Thre-1-0-0-18408,1,1.7621,-71.7311,-72.59453661,15.475,28.80066939,-0.863436609,13.32566939
oxalac_opt-QR-29-12630-3_P1-Thre-1-0-0-18461,1,1.8107,-71.065,-73.61262328,16.1411,27.78258272,-2.547623281,11.64148272
oxalac_opt-QR-29-12630-3_P1-Thre-1-0-0-18462,1,1.8107,-71.052,-73.60322441,16.1541,27.79198159,-2.551224406,11.63788159
oxalac_opt-QR-29-12630-3_P1-Thre-1-0-0-18472,1,1.8107,-70.4648,-72.70752404,16.7413,28.68768196,-2.242724039,11.94638196
oxalac_opt-QR-29-12630-3_P1-Thre-1-0-0-18507,1,1.6446,-71.6376,-72.58789914,15.5685,28.80730685,-0.950299143,13.23880685
oxalac_opt-QR-29-12630-3_P1-Thre-1-0-0-18521,1,1.6448,-69.3713,-70.88288749,17.8348,30.5123185,-1.511587495,12.6775185
oxalac_opt-QR-29-12630-3_P1-Thre-1-0-0-18534,1,1.6448,-69.4319,-71.30806255,17.7742,30.08714345,-1.876162545,12.31294345
oxalac_opt-QR-29-12630-3_P1-Thre-1-0-0-18546,1,1.6678,-69.2533,-71.10867252,17.9528,30.28653348,-1.855372522,12.33373348
oxalac_opt-QR-29-12630-3_P1-Thre-1-0-0-18582,1,1.6605,-69.7318,-71.25414776,17.4743,30.14105824,-1.522347762,12.66675824
oxalac_opt-QR-29-12630-3_P1-Thre-1-0-0-18598,1,1.6606,-68.9011,-69.73192584,18.305,31.66328016,-0.83082584,13.35828016
oxalac_opt-QR-29-12630-3_P1-Thre-1-0-0-18633,1,1.7538,-71.0298,-70.59444394,16.1763,30.80076205,0.435356056,14.62446205
oxalac_opt-QR-29-12630-3_P1-Thre-1-0-0-18634,1,1.7538,-71.1784,-70.69698202,16.0277,30.69822398,0.481417984,14.67052398
oxalac_opt-QR-29-12630-3_P1-Thre-1-0-0-18672,1,1.7497,-70.8743,-72.0699115,16.3318,29.3252945,-1.195611498,12.9934945
oxalac_opt-QR-29-12630-3_P1-Thre-1-0-0-18703,1,1.7042,-71.5592,-73.22423181,15.6469,28.17097419,-1.665031807,12.52407419
oxalac_opt-QR-29-12630-3_P1-Thre-1-0-0-18732,1,1.7326,-69.091,-71.75147356,18.1151,29.64373244,-2.66047356,11.52863244
oxalac_opt-QR-29-12630-3_P1-Thre-1-0-0-18791,1,1.7546,-69.3634,-70.47667687,17.8427,30.91852912,-1.113276873,13.07582912
oxalac_opt-QR-29-12630-3_P1-Thre-1-0-0-18903,1,1.7478,-73.181,-76.14066112,14.0251,25.25454488,-2.959661115,11.22944488
oxalac_opt-QR-29-12630-3_P1-Thre-1-0-0-18915,1,1.5525,-69.3332,-72.50403701,17.8729,28.89116899,-3.170837008,11.01826899
oxalac_opt-QR-29-12630-3_P1-Thre-1-0-0-18923,1,1.5525,-68.8012,-72.33165949,18.4049,29.0635465,-3.530459494,10.6586465
oxalac_opt-QR-29-12630-3_P1-Thre-1-0-0-18929,1,1.5525,-68.711,-72.19012037,18.4951,29.20508562,-3.479120372,10.70998562
oxalac_opt-QR-29-12630-3_P1-Thre-1-0-0-18956,1,1.531,-69.4832,-73.93865678,17.7229,27.45654921,-4.455456784,9.733649213
oxalac_opt-QR-29-12630-3_P1-Thre-1-0-0-18962,1,1.531,-69.0316,-73.51484145,18.1745,27.88036454,-4.483241452,9.705864545
oxalac_opt-QR-29-12630-3_P1-Thre-1-0-0-18973,1,1.5292,-69.5718,-74.28725627,17.6343,27.10794973,-4.71545627,9.473649727
oxalac_opt-QR-29-12630-3_P1-Thre-1-0-0-18997,1,1.6592,-72.4172,-76.986673,14.7889,24.408533,-4.569472996,9.619633001
oxalac_opt-QR-29-12630-3_P1-Thre-1-0-0-19029,1,1.6528,-68.4184,-71.45898173,18.7877,29.93622427,-3.040581728,11.14852427
oxalac_opt-QR-29-12630-3_P1-Thre-1-0-0-19044,1,1.6038,-68.5819,-71.58071724,18.6242,29.81448876,-2.99881724,11.19028876
oxalac_opt-QR-29-12630-3_P1-Thre-1-0-0-19060,1,1.5919,-69.1066,-72.51567386,18.0995,28.87953214,-3.40907386,10.78003214
oxalac_opt-QR-29-12630-3_P1-Thre-1-0-0-19131,1,1.6246,-71.991,-76.0432645,15.2151,25.35194149,-4.052264504,10.13684149
oxalac_opt-QR-29-12630-3_P1-Thre-1-0-0-19147,1,1.6461,-70.0453,-74.80075276,17.1608,26.59445323,-4.755452765,9.433653232
oxalac_opt-QR-29-12630-3_P1-Thre-1-0-0-19162,1,1.5359,-68.8483,-73.39792104,18.3578,27.99728496,-4.549621039,9.639484958
oxalac_opt-QR-29-12630-3_P1-Thre-1-0-0-19193,1,1.5781,-70.7717,-77.03105696,16.4344,24.36414904,-6.259356961,7.929749036
oxalac_opt-QR-29-12630-3_P1-Thre-1-0-0-19197,1,1.5781,-69.8279,-75.6375351,17.3782,25.75767089,-5.809635102,8.379470895
oxalac_opt-QR-29-12630-3_P1-Thre-1-0-0-19199,1,1.5783,-68.6903,-74.23721682,18.5158,27.15798918,-5.546916819,8.642189178
oxalac_opt-QR-29-12630-3_P1-Thre-1-0-0-19243,1,1.6816,-68.095,-74.64839282,19.1111,26.74681318,-6.553392816,7.635713181
oxalac_opt-QR-29-12630-3_P1-Thre-1-0-0-19250,1,1.6446,-69.5665,-75.82860134,17.6396,25.56660466,-6.262101338,7.927004658
oxalac_opt-QR-29-12630-3_P1-Thre-1-0-0-19265,1,1.6823,-69.3349,-76.69985233,17.8712,24.69535367,-7.364952328,6.824153669
oxalac_opt-QR-29-12630-3_P1-Thre-1-0-0-19295,1,1.7042,-69.2713,-76.71862065,17.9348,24.67658535,-7.44732065,6.741785347
oxalac_opt-QR-29-12630-3_P1-Thre-1-0-0-19308,1,1.705,-68.3405,-76.31788846,18.8656,25.07731753,-7.977388464,6.211717533
oxalac_opt-QR-29-12630-3_P1-Thre-1-0-0-19374,1,1.6574,-68.8241,-74.27711639,18.382,27.11808961,-5.453016388,8.736089609
oxalac_opt-QR-29-12630-3_P1-Thre-1-0-0-19378,1,1.654,-70.7253,-77.17536545,16.4808,24.21984054,-6.450065452,7.739040545
oxalac_opt-QR-29-12630-3_P1-Thre-1-0-0-19441,1,1.576,-70.1325,-75.98712115,17.0736,25.40808485,-5.854621151,8.334484846
oxalac_opt-QR-29-12630-3_P1-Thre-1-0-0-19445,1,1.5953,-68.7984,-74.83160901,18.4077,26.56359699,-6.033209007,8.155896989
oxalac_opt-QR-29-12630-3_P1-Thre-1-0-0-19458,1,1.5842,-69.2167,-74.04125226,17.9894,27.35395373,-4.824552264,9.364553732
oxalac_opt-QR-29-12630-3_P1-Thre-1-0-0-19463,1,1.5842,-69.165,-74.04505692,18.0411,27.35014908,-4.880056921,9.309049075
oxalac_opt-QR-29-12630-3_P1-Thre-1-0-0-19479,1,1.6449,-68.4275,-73.44641504,18.7786,27.94879096,-5.018915037,9.17019096
oxalac_opt-QR-29-12630-3_P1-Thre-1-0-0-19543,1,1.6033,-67.7937,-75.08969394,19.4124,26.30551206,-7.295993938,6.893112058
oxalac_opt-QR-29-12630-3_P1-Thre-1-0-0-19595,1,1.6405,-67.6534,-70.64053088,19.5527,30.75467512,-2.987130875,11.20197512
oxalac_opt-QR-29-12630-3_P1-Thre-1-0-0-19646,1,1.5775,-68.5445,-73.29011704,18.6616,28.10508896,-4.74561704,9.443488957
oxalac_opt-QR-29-12630-3_P1-Thre-1-0-0-19659,1,1.705,-70.3439,-75.77536436,16.8622,25.61984163,-5.431464364,8.757641633
oxalac_opt-QR-29-12630-3_P1-Thre-1-0-0-19702,1,1.6806,-70.1485,-74.34540025,17.0576,27.04980575,-4.196900246,9.992205751
oxalac_opt-QR-29-12630-3_P1-Thre-1-0-0-19711,1,1.6856,-68.6404,-74.77258798,18.5657,26.62261802,-6.13218798,8.056918017
oxalac_opt-QR-29-12630-3_P1-Thre-1-0-0-19774,1,1.8145,-68.0787,-75.11991338,19.1274,26.27529262,-7.041213378,7.147892619
oxalac_opt-QR-29-12630-3_P1-Thre-1-0-0-19775,1,1.8139,-68.107,-75.13884162,19.0991,26.25636437,-7.031841624,7.157264373
oxalac_opt-QR-29-12630-3_P1-Thre-1-0-0-19835,1,1.7177,-68.5341,-74.20422053,18.672,27.19098546,-5.670120532,8.518985465
oxalac_opt-QR-29-12630-3_P1-Thre-1-0-0-19838,1,1.7177,-68.2227,-74.06596215,18.9834,27.32924385,-5.843262152,8.345843845
oxalac_opt-QR-29-12630-3_P1-Thre-1-0-0-19851,1,1.7175,-67.8738,-74.11102875,19.3323,27.28417725,-6.23722875,7.951877246
oxalac_opt-QR-29-12630-3_P1-Thre-1-0-0-19864,1,1.5513,-68.7362,-74.30664186,18.4699,27.08856414,-5.570441857,8.61866414
oxalac_opt-QR-29-12630-3_P1-Thre-1-0-0-19865,1,1.5513,-68.697,-74.039935,18.5091,27.355271,-5.342934999,8.846170998
oxalac_opt-QR-29-12630-3_P1-Thre-1-0-0-19932,1,1.6234,-69.5319,-78.15484618,17.6742,23.24035981,-8.622946182,5.566159815
oxalac_opt-QR-29-12630-3_P1-Thre-1-0-0-19983,1,1.5927,-68.2481,-72.62902769,18.958,28.7661783,-4.380927694,9.808178303
