structure,zprime,energy,uncertainty,raw_energy,PBE_energy,diff,rel_energy,rel_PBE_energy,rel_diff
oxalac_opt-QR-4-6815-3_P1-Thre-1-0-0-139.res,2,-5162.376254,0.313468197,-107.0085464,-5163.366886,-0.990632414,,,
oxalac_opt-QR-4-6815-3_P1-Thre-1-0-0-154.res,2,-5163.21596,0.319384986,-107.0259523,-5163.909249,-0.693289867,-0.839705757,-0.542363211,0.297342547
oxalac_opt-QR-4-6815-3_P1-Thre-1-0-0-183.res,2,-5163.056642,0.315737278,-107.0226499,-5163.665362,-0.608719053,-0.68038873,-0.298475369,0.381913361
oxalac_opt-QR-4-6815-3_P1-Thre-1-0-0-386.res,2,-5163.159981,0.26474465,-107.0247919,-5164.247479,-1.087498004,-0.783726866,-0.880592456,-0.09686559
oxalac_opt-QR-4-6815-3_P1-Thre-1-0-0-435.res,2,-5162.768073,0.468554835,-107.0166683,-5163.576544,-0.808470878,-0.391819285,-0.209657749,0.182161536
oxalac_opt-QR-4-6815-3_P1-Thre-1-0-0-460.res,2,-5162.919496,0.449636446,-107.019807,-5163.680909,-0.761413464,-0.543241961,-0.314023011,0.22921895
oxalac_opt-QR-4-6815-3_P1-Thre-1-0-0-466.res,2,-5162.522329,0.487742467,-107.0115744,-5163.332983,-0.810653382,-0.146075542,0.03390349,0.179979032
oxalac_opt-QR-4-6815-3_P1-Thre-1-0-0-785.res,2,-5163.024227,0.186811292,-107.021978,-5163.206575,-0.18234882,-0.647972773,0.160310821,0.808283594
oxalac_opt-QR-4-6815-3_P1-Thre-1-0-0-822.res,2,-5164.991907,0.506581523,-107.0627651,-5164.884463,0.107443871,-2.615653162,-1.517576878,1.098076284
oxalac_opt-QR-4-6815-3_P1-Thre-1-0-0-829.res,2,-5164.846248,0.512027781,-107.0597458,-5164.798901,0.047346277,-2.469993845,-1.432015154,1.03797869
oxalac_opt-QR-4-6815-3_P1-Thre-1-0-0-834.res,2,-5164.933106,0.504565435,-107.0615463,-5164.820532,0.112573328,-2.556851937,-1.453646195,1.103205742
oxalac_opt-QR-4-6815-3_P1-Thre-1-0-0-848.res,2,-5164.707218,0.541567744,-107.0568639,-5164.439123,0.268095184,-2.330963996,-1.072236398,1.258727598
oxalac_opt-QR-4-6815-3_P1-Thre-1-0-0-1049.res,2,-5163.9152,0.304500179,-107.0404465,-5163.356376,0.558824439,-1.538946225,0.010510627,1.549456852
oxalac_opt-QR-4-6815-3_P1-Thre-1-0-0-1055.res,2,-5163.957929,0.290056116,-107.0413323,-5163.439961,0.517968271,-1.581675279,-0.073074595,1.508600684
oxalac_opt-QR-4-6815-3_P1-Thre-1-0-0-1076.res,2,-5163.663178,0.327847021,-107.0352225,-5163.280169,0.383009476,-1.286924273,0.086717617,1.37364189
oxalac_opt-QR-4-6815-3_P1-Thre-1-0-0-1093.res,2,-5165.127768,0.152341161,-107.0655813,-5164.788976,0.338791414,-2.751514021,-1.422090193,1.329423828
oxalac_opt-QR-4-6815-3_P1-Thre-1-0-0-1106.res,2,-5164.964691,0.410634095,-107.062201,-5165.202412,-0.237720598,-2.588437209,-1.835525394,0.752911815
oxalac_opt-QR-4-6815-3_P1-Thre-1-0-0-1155.res,2,-5162.056133,0.237913326,-107.0019108,-5162.650937,-0.594803375,0.320120406,0.715949445,0.395829039
oxalac_opt-QR-4-6815-3_P1-Thre-1-0-0-1198.res,2,-5164.012549,0.186940143,-107.0424645,-5164.632324,-0.619775208,-1.636295301,-1.265438095,0.370857205
oxalac_opt-QR-4-6815-3_P1-Thre-1-0-0-1208.res,2,-5163.864251,0.244082282,-107.0393905,-5164.94896,-1.084708403,-1.487997457,-1.582073446,-0.094075989
oxalac_opt-QR-4-6815-3_P1-Thre-1-0-0-1220.res,2,-5165.109663,0.180396185,-107.065206,-5165.347912,-0.238249173,-2.73340896,-1.98102572,0.75238324
oxalac_opt-QR-4-6815-3_P1-Thre-1-0-0-1239.res,2,-5162.716496,0.0938001,-107.0155992,-5163.772508,-1.056012192,-0.340242042,-0.405621821,-0.065379779
oxalac_opt-QR-4-6815-3_P1-Thre-1-0-0-1267.res,2,-5164.431537,0.226439103,-107.0511495,-5164.767284,-0.335746641,-2.055283174,-1.400397402,0.654885773
oxalac_opt-QR-4-6815-3_P1-Thre-1-0-0-1288.res,2,-5165.002155,0.080944774,-107.0629775,-5165.09429,-0.092134311,-2.625901579,-1.727403476,0.898498103
oxalac_opt-QR-4-6815-3_P1-Thre-1-0-0-1327.res,2,-5165.269529,0.203532222,-107.0685198,-5164.776441,0.493087901,-2.893275137,-1.409554822,1.483720315
oxalac_opt-QR-4-6815-3_P1-Thre-1-0-0-1331.res,2,-5165.278555,0.206734047,-107.0687069,-5164.832404,0.446151397,-2.902301559,-1.465517748,1.436783811
oxalac_opt-QR-4-6815-3_P1-Thre-1-0-0-1476.res,2,-5164.399919,0.398615187,-107.0504941,-5163.828889,0.571029924,-2.023664865,-0.462002528,1.561662338
oxalac_opt-QR-4-6815-3_P1-Thre-1-0-0-1532.res,2,-5162.510364,0.073300042,-107.0113263,-5162.811615,-0.301250405,-0.134110511,0.555271497,0.689382009
oxalac_opt-QR-4-6815-3_P1-Thre-1-0-0-1807.res,2,-5164.961345,0.123914717,-107.0621316,-5164.977897,-0.016552314,-2.585091419,-1.61101132,0.974080099
oxalac_opt-QR-4-6815-3_P1-Thre-1-0-0-1814.res,2,-5166.385393,0.224626842,-107.09165,-5166.203624,0.181768465,-4.009138871,-2.836737992,1.172400878
oxalac_opt-QR-4-6815-3_P1-Thre-1-0-0-1834.res,2,-5165.775314,0.398512246,-107.079004,-5165.223915,0.55139941,-3.399060416,-1.857028592,1.542031824
oxalac_opt-QR-4-6815-3_P1-Thre-1-0-0-1972.res,2,-5165.370791,0.158257996,-107.0706188,-5165.76437,-0.393579109,-2.99453711,-2.397483806,0.597053304
oxalac_opt-QR-4-6815-3_P1-Thre-1-0-0-1978.res,2,-5165.302088,0.123065887,-107.0691947,-5165.885269,-0.58318141,-2.925834277,-2.518383273,0.407451004
oxalac_opt-QR-4-6815-3_P1-Thre-1-0-0-2072.res,2,-5165.119068,0.361790547,-107.065401,-5165.759973,-0.640904865,-2.742814519,-2.39308697,0.349727548
oxalac_opt-QR-4-6815-3_P1-Thre-1-0-0-2146.res,2,-5164.743835,0.585282583,-107.0576229,-5164.187693,0.556142245,-2.367581441,-0.820806782,1.546774659
oxalac_opt-QR-4-6815-3_P1-Thre-1-0-0-2227.res,2,-5158.8528,0.626816518,-106.9355104,-5159.244843,-0.392042883,3.523453364,4.122042895,0.598589531
oxalac_opt-QR-4-6815-3_P1-Thre-1-0-0-2245.res,2,-5159.101233,0.548092265,-106.94066,-5159.527253,-0.42601946,3.275020341,3.839633294,0.564612954
oxalac_opt-QR-4-6815-3_P1-Thre-1-0-0-2363.res,2,-5162.680823,0.618038219,-107.0148597,-5163.230294,-0.549470924,-0.304569652,0.136591838,0.44116149
oxalac_opt-QR-4-6815-3_P1-Thre-1-0-0-2400.res,2,-5163.091289,0.800949923,-107.0233681,-5163.596595,-0.505305288,-0.715035487,-0.229708361,0.485327126
oxalac_opt-QR-4-6815-3_P1-Thre-1-0-0-2412.res,2,-5163.657241,0.693329843,-107.0350994,-5164.121889,-0.464647706,-1.280987063,-0.755002355,0.525984708
oxalac_opt-QR-4-6815-3_P1-Thre-1-0-0-2437.res,2,-5163.106704,0.726466108,-107.0236876,-5162.904172,0.202531767,-0.730450074,0.462714107,1.19316418
oxalac_opt-QR-4-6815-3_P1-Thre-1-0-0-2498.res,2,-5166.024564,0.336057181,-107.0841706,-5166.211177,-0.18661324,-3.648310035,-2.844290862,0.804019173
oxalac_opt-QR-4-6815-3_P1-Thre-1-0-0-2510.res,2,-5161.073186,0.446512264,-106.9815357,-5160.284558,0.78862724,1.303068181,3.082327835,1.779259654
oxalac_opt-QR-4-6815-3_P1-Thre-1-0-0-2533.res,2,-5164.820353,0.327261607,-107.059209,-5163.946938,0.873414215,-2.444098929,-0.580052301,1.864046628
oxalac_opt-QR-4-6815-3_P1-Thre-1-0-0-2565.res,2,-5164.59602,0.516670511,-107.054559,-5164.441144,0.154875746,-2.219766407,-1.074258248,1.145508159
oxalac_opt-QR-4-6815-3_P1-Thre-1-0-0-2816.res,2,-5164.017689,0.40175087,-107.042571,-5164.442714,-0.425025207,-1.641434788,-1.075827581,0.565607206
oxalac_opt-QR-4-6815-3_P1-Thre-1-0-0-2872.res,2,-5158.45393,0.635656627,-106.9272424,-5159.452256,-0.998325653,3.922323598,3.914630359,-0.007693239
oxalac_opt-QR-4-6815-3_P1-Thre-1-0-0-2960.res,2,-5164.710824,0.363720541,-107.0569387,-5164.618728,0.092096853,-2.334570653,-1.251841386,1.082729267
oxalac_opt-QR-4-6815-3_P1-Thre-1-0-0-3021.res,2,-5162.906027,1.229017014,-107.0195279,-5162.339966,0.56606088,-0.52977315,1.026920144,1.556693294
oxalac_opt-QR-4-6815-3_P1-Thre-1-0-0-3050.res,2,-5163.043087,1.208761537,-107.0223689,-5163.114975,-0.071887663,-0.666833673,0.251911077,0.918744751
oxalac_opt-QR-4-6815-3_P1-Thre-1-0-0-3178.res,2,-5163.358071,0.757164379,-107.0288981,-5163.65163,-0.293559153,-0.981817323,-0.284744062,0.697073261
oxalac_opt-QR-4-6815-3_P1-Thre-1-0-0-3239.res,2,-5163.070376,0.793363753,-107.0229346,-5163.176416,-0.106040854,-0.694121844,0.190469716,0.884591559
oxalac_opt-QR-4-6815-3_P1-Thre-1-0-0-3240.res,2,-5163.887349,0.757729242,-107.0398692,-5164.036826,-0.149477311,-1.511095046,-0.669939943,0.841155103
oxalac_opt-QR-4-6815-3_P1-Thre-1-0-0-3280.res,2,-5163.117644,0.553313859,-107.0239144,-5163.389409,-0.271765374,-0.741390087,-0.022523048,0.718867039
oxalac_opt-QR-4-6815-3_P1-Thre-1-0-0-3374.res,2,-5163.031962,0.534924968,-107.0221383,-5165.241284,-2.209321863,-0.655708428,-1.874397877,-1.21868945
oxalac_opt-QR-4-6815-3_P1-Thre-1-0-0-3376.res,2,-5163.485222,0.562644778,-107.0315337,-5165.974944,-2.489721653,-1.108968443,-2.608057683,-1.49908924
oxalac_opt-QR-4-6815-3_P1-Thre-1-0-0-3488.res,2,-5163.741808,0.285980035,-107.0368524,-5164.787433,-1.045624459,-1.365554383,-1.420546428,-0.054992046
oxalac_opt-QR-4-6815-3_P1-Thre-1-0-0-3498.res,2,-5164.544826,0.243635634,-107.0534978,-5165.687262,-1.142435806,-2.16857225,-2.320375642,-0.151803392
oxalac_opt-QR-4-6815-3_P1-Thre-1-0-0-3516.res,2,-5163.348411,0.380516486,-107.0286978,-5164.426574,-1.078163617,-0.972156798,-1.059688001,-0.087531204
oxalac_opt-QR-4-6815-3_P1-Thre-1-0-0-3546.res,2,-5162.227513,0.390354925,-107.0054633,-5163.290069,-1.062555764,0.14874061,0.07681726,-0.07192335
oxalac_opt-QR-4-6815-3_P1-Thre-1-0-0-3591.res,2,-5159.082372,0.570598426,-106.9402691,-5160.514229,-1.431857161,3.293881851,2.852657103,-0.441224747
oxalac_opt-QR-4-6815-3_P1-Thre-1-0-0-3605.res,2,-5158.956514,0.37186171,-106.9376602,-5161.620552,-2.664037533,3.419739495,1.746334376,-1.673405119
oxalac_opt-QR-4-6815-3_P1-Thre-1-0-0-3625.res,2,-5162.127111,0.404347361,-107.0033821,-5164.09209,-1.964979698,0.249142969,-0.725204315,-0.974347284
oxalac_opt-QR-4-6815-3_P1-Thre-1-0-0-3654.res,2,-5159.168368,0.441607033,-106.9420516,-5161.72609,-2.557722587,3.207886026,1.640795852,-1.567090174
oxalac_opt-QR-4-6815-3_P1-Thre-1-0-0-3886.res,2,-5159.374651,0.291061861,-106.9463276,-5160.997509,-1.622858024,3.001602764,2.369377153,-0.632225611
oxalac_opt-QR-4-6815-3_P1-Thre-1-0-0-3940.res,2,-5164.209224,0.496043211,-107.0465412,-5164.706139,-0.496915253,-1.832969893,-1.339252732,0.493717161
oxalac_opt-QR-4-6815-3_P1-Thre-1-0-0-3954.res,2,-5158.678077,0.496232318,-106.9318886,-5160.856367,-2.178289518,3.698176342,2.510519238,-1.187657104
oxalac_opt-QR-4-6815-3_P1-Thre-1-0-0-4004.res,2,-5159.038748,0.716123612,-106.9393648,-5160.362301,-1.323553763,3.337506148,3.004584798,-0.33292135
oxalac_opt-QR-4-6815-3_P1-Thre-1-0-0-4016.res,2,-5159.596234,0.671929367,-106.9509207,-5161.202479,-1.606245206,2.780019935,2.164407143,-0.615612793
oxalac_opt-QR-4-6815-3_P1-Thre-1-0-0-4143.res,2,-5158.25433,0.295247624,-106.9231049,-5160.431038,-2.176707786,4.121924037,2.935848665,-1.186075372
oxalac_opt-QR-4-6815-3_P1-Thre-1-0-0-4151.res,2,-5157.969706,0.238902818,-106.9172051,-5159.812831,-1.84312467,4.406547373,3.554055116,-0.852492257
oxalac_opt-QR-4-6815-3_P1-Thre-1-0-0-4176.res,2,-5162.921659,0.359629176,-107.0198519,-5164.443707,-1.522048439,-0.545404872,-1.076820897,-0.531416025
oxalac_opt-QR-4-6815-3_P1-Thre-1-0-0-4198.res,2,-5160.726177,0.251814766,-106.9743427,-5162.552144,-1.825967136,1.650076921,0.814742198,-0.835334723
oxalac_opt-QR-4-6815-3_P1-Thre-1-0-0-4290.res,2,-5156.844381,1.160271678,-106.8938788,-5157.481197,-0.636816148,5.531872881,5.885689147,0.353816266
oxalac_opt-QR-4-6815-3_P1-Thre-1-0-0-4317.res,2,-5161.988501,0.515644029,-107.0005089,-5163.416467,-1.427965164,0.387752328,-0.049580423,-0.43733275
oxalac_opt-QR-4-6815-3_P1-Thre-1-0-0-4331.res,2,-5165.490446,0.364333803,-107.0730991,-5166.413206,-0.92276002,-3.114192393,-3.04632,0.067872393
oxalac_opt-QR-4-6815-3_P1-Thre-1-0-0-4386.res,2,-5161.425192,0.153690386,-106.9888323,-5163.1048,-1.679608048,0.951062052,0.262086418,-0.688975635
oxalac_opt-QR-4-6815-3_P1-Thre-1-0-0-4399.res,2,-5160.33586,0.36086716,-106.966252,-5162.4925,-2.156639564,2.040393672,0.874386521,-1.166007151
oxalac_opt-QR-4-6815-3_P1-Thre-1-0-0-4432.res,2,-5157.619046,0.745987236,-106.9099364,-5159.270095,-1.651049054,4.757207883,4.096791243,-0.66041664
oxalac_opt-QR-4-6815-3_P1-Thre-1-0-0-4480.res,2,-5164.63619,0.291287825,-107.0553916,-5166.063684,-1.42749362,-2.259936426,-2.696797632,-0.436861206
oxalac_opt-QR-4-6815-3_P1-Thre-1-0-0-4527.res,2,-5160.599677,0.548698506,-106.9717206,-5161.744766,-1.145088717,1.77657646,1.622120156,-0.154456304
oxalac_opt-QR-4-6815-3_P1-Thre-1-0-0-4544.res,2,-5161.087413,0.56548034,-106.9818306,-5161.792506,-0.705093117,1.288840894,1.57438019,0.285539296
oxalac_opt-QR-4-6815-3_P1-Thre-1-0-0-4570.res,2,-5164.725385,0.362913451,-107.0572405,-5166.022246,-1.296860611,-2.349131408,-2.655359605,-0.306228197
oxalac_opt-QR-4-6815-3_P1-Thre-1-0-0-4643.res,2,-5161.094225,0.740422318,-106.9819718,-5162.284981,-1.190755957,1.282029216,1.081905673,-0.200123543
oxalac_opt-QR-4-6815-3_P1-Thre-1-0-0-4690.res,2,-5158.843325,0.991860404,-106.935314,-5158.717779,0.125545654,3.532928845,4.649106913,1.116178067
oxalac_opt-QR-4-6815-3_P1-Thre-1-0-0-4722.res,2,-5155.066126,1.573608736,-106.8570181,-5155.934688,-0.868561935,7.310127631,7.432198109,0.122070478
oxalac_opt-QR-4-6815-3_P1-Thre-1-0-0-4733.res,2,-5156.158017,1.137137948,-106.8796514,-5156.940694,-0.782677526,6.218237233,6.426192121,0.207954887
oxalac_opt-QR-4-6815-3_P1-Thre-1-0-0-4753.res,2,-5158.0495,1.05516022,-106.9188591,-5158.953627,-0.904126691,4.326753951,4.413259674,0.086505723
oxalac_opt-QR-4-6815-3_P1-Thre-1-0-0-4760.res,2,-5159.910399,0.674384592,-106.9574328,-5160.726782,-0.816383749,2.465855166,2.64010383,0.174248664
oxalac_opt-QR-4-6815-3_P1-Thre-1-0-0-4802.res,2,-5164.374678,0.307953746,-107.0499709,-5165.264318,-0.889639481,-1.998424265,-1.897431332,0.100992933
oxalac_opt-QR-4-6815-3_P1-Thre-1-0-0-4814.res,2,-5162.589198,0.342172467,-107.0129604,-5163.917966,-1.32876832,-0.212943787,-0.551079693,-0.338135906
oxalac_opt-QR-4-6815-3_P1-Thre-1-0-0-4870.res,2,-5159.533193,0.494628818,-106.9496139,-5160.212008,-0.678815411,2.843061029,3.154878032,0.311817003
oxalac_opt-QR-4-6815-3_P1-Thre-1-0-0-4871.res,2,-5160.97977,0.355405388,-106.9795994,-5161.898771,-0.919000118,1.39648332,1.468115615,0.071632295
oxalac_opt-QR-4-6815-3_P1-Thre-1-0-0-4887.res,2,-5158.521703,0.60779333,-106.9286472,-5160.053054,-1.531350545,3.854550401,3.313832269,-0.540718132
oxalac_opt-QR-4-6815-3_P1-Thre-1-0-0-4996.res,2,-5162.350679,0.384222409,-107.0080163,-5163.926701,-1.576022061,0.025574657,-0.55981499,-0.585389648
oxalac_opt-QR-4-6815-3_P1-Thre-1-0-0-5075.res,2,-5159.404225,0.596609042,-106.9469406,-5160.922029,-1.517803704,2.972028417,2.444857127,-0.52717129
oxalac_opt-QR-4-6815-3_P1-Thre-1-0-0-5227.res,2,-5162.433692,0.631778903,-107.009737,-5163.377364,-0.943671293,-0.05743846,-0.01047734,0.04696112
oxalac_opt-QR-4-6815-3_P1-Thre-1-0-0-5254.res,2,-5163.616342,0.656607348,-107.0342517,-5164.579671,-0.963329021,-1.240088491,-1.212785098,0.027303393
oxalac_opt-QR-4-6815-3_P1-Thre-1-0-0-5293.res,2,-5158.78503,0.516320196,-106.9341056,-5160.700548,-1.915517262,3.591223517,2.666338668,-0.924884849
oxalac_opt-QR-4-6815-3_P1-Thre-1-0-0-5338.res,2,-5164.573232,0.302612126,-107.0540866,-5165.419862,-0.846630144,-2.196978049,-2.052975779,0.14400227
oxalac_opt-QR-4-6815-3_P1-Thre-1-0-0-5536.res,2,-5159.099954,0.761765967,-106.9406335,-5159.59437,-0.49441525,3.276299503,3.772516667,0.496217164
oxalac_opt-QR-4-6815-3_P1-Thre-1-0-0-5572.res,2,-5157.449085,0.919576422,-106.9064134,-5158.729504,-1.280418877,4.927168964,4.6373825,-0.289786464
oxalac_opt-QR-4-6815-3_P1-Thre-1-0-0-5585.res,2,-5160.161294,0.529579131,-106.9626335,-5162.072995,-1.911700712,2.21495991,1.293891612,-0.921068298
oxalac_opt-QR-4-6815-3_P1-Thre-1-0-0-5586.res,2,-5160.026678,0.536351848,-106.9598431,-5161.962985,-1.936307744,2.349576113,1.403900783,-0.94567533
oxalac_opt-QR-4-6815-3_P1-Thre-1-0-0-5683.res,2,-5159.071507,0.259747401,-106.9400438,-5160.11751,-1.04600324,3.304746569,3.249375742,-0.055370827
oxalac_opt-QR-4-6815-3_P1-Thre-1-0-0-5717.res,2,-5157.444975,0.27039131,-106.9063282,-5158.268796,-0.8238213,4.9312786,5.098089713,0.166811113
oxalac_opt-QR-4-6815-3_P1-Thre-1-0-0-5722.res,2,-5157.759912,0.419469323,-106.9128564,-5158.628434,-0.868521659,4.616341552,4.738452307,0.122110755
oxalac_opt-QR-4-6815-3_P1-Thre-1-0-0-5750.res,2,-5156.049346,1.137144037,-106.8773988,-5157.21174,-1.162394429,6.326908093,6.155146077,-0.171762016
oxalac_opt-QR-4-6815-3_P1-Thre-1-0-0-5793.res,2,-5160.225313,0.436262878,-106.9639606,-5161.858943,-1.633629673,2.150940561,1.507943302,-0.642997259
oxalac_opt-QR-4-6815-3_P1-Thre-1-0-0-5802.res,2,-5162.113681,0.727022888,-107.0031037,-5162.249476,-0.135795297,0.26257322,1.117410337,0.854837116
oxalac_opt-QR-4-6815-3_P1-Thre-1-0-0-5812.res,2,-5160.739764,0.887224609,-106.9746244,-5160.737273,0.00249044,1.636490129,2.629612983,0.993122854
oxalac_opt-QR-4-6815-3_P1-Thre-1-0-0-5816.res,2,-5156.848609,1.208233995,-106.8939664,-5156.973984,-0.125375349,5.527645213,6.392902278,0.865257064
oxalac_opt-QR-4-6815-3_P1-Thre-1-0-0-5862.res,2,-5157.477848,1.185376684,-106.9070096,-5158.389771,-0.911922416,4.898405472,4.977115469,0.078709997
oxalac_opt-QR-4-6815-3_P1-Thre-1-0-0-5899.res,2,-5161.177668,0.815932494,-106.9837015,-5161.319326,-0.141657569,1.198585696,2.047560541,0.848974845
oxalac_opt-QR-4-6815-3_P1-Thre-1-0-0-5938.res,2,-5162.186615,0.415945205,-107.0046155,-5163.211228,-1.024613834,0.189639238,0.155657817,-0.033981421
oxalac_opt-QR-4-6815-3_P1-Thre-1-0-0-5944.res,2,-5161.513622,0.452540282,-106.9906653,-5162.557956,-1.044333996,0.862631506,0.808929924,-0.053701583
oxalac_opt-QR-4-6815-3_P1-Thre-1-0-0-6048.res,2,-5163.202901,0.632173723,-107.0256816,-5164.179983,-0.977081884,-0.826647171,-0.813096642,0.013550529
oxalac_opt-QR-4-6815-3_P1-Thre-1-0-0-6064.res,2,-5162.413611,0.408538801,-107.0093208,-5163.453125,-1.039513523,-0.037357458,-0.086238568,-0.04888111
oxalac_opt-QR-4-6815-3_P1-Thre-1-0-0-6066.res,2,-5162.303723,0.53724736,-107.007043,-5163.383518,-1.079794612,0.072530543,-0.016631655,-0.089162198
oxalac_opt-QR-4-6815-3_P1-Thre-1-0-0-6073.res,2,-5162.986108,0.525945133,-107.0211878,-5164.114478,-1.128369626,-0.609854589,-0.747591801,-0.137737212
oxalac_opt-QR-4-6815-3_P1-Thre-1-0-0-6075.res,2,-5161.640394,0.514335756,-106.9932931,-5162.521583,-0.881188583,0.735859606,0.845303437,0.109443831
oxalac_opt-QR-4-6815-3_P1-Thre-1-0-0-6103.res,2,-5163.250048,0.218448714,-107.0266589,-5163.82541,-0.575361599,-0.873794564,-0.45852375,0.415270814
oxalac_opt-QR-4-6815-3_P1-Thre-1-0-0-6122.res,2,-5159.871131,0.428384244,-106.9566189,-5160.034596,-0.163465627,2.505123122,3.332289909,0.827166786
oxalac_opt-QR-4-6815-3_P1-Thre-1-0-0-6133.res,2,-5155.073761,0.895926758,-106.8571764,-5155.412215,-0.33845476,7.30249322,7.954670873,0.652177653
oxalac_opt-QR-4-6815-3_P1-Thre-1-0-0-6170.res,2,-5160.07473,1.031868732,-106.9608392,-5159.988377,0.08635347,2.301523382,3.378509265,1.076985883
oxalac_opt-QR-4-6815-3_P1-Thre-1-0-0-6186.res,2,-5155.937508,0.957491676,-106.8750806,-5156.476286,-0.53877829,6.438745904,6.890600027,0.451854123
oxalac_opt-QR-4-6815-3_P1-Thre-1-0-0-6211.res,2,-5156.471109,1.18825653,-106.8861414,-5157.302942,-0.831833344,5.905145235,6.063944305,0.15879907
oxalac_opt-QR-4-6815-3_P1-Thre-1-0-0-6272.res,2,-5156.906215,0.724837432,-106.8951605,-5159.016234,-2.110018699,5.470038573,4.350652288,-1.119386285
oxalac_opt-QR-4-6815-3_P1-Thre-1-0-0-6286.res,2,-5157.017804,0.609961613,-106.8974736,-5159.343591,-2.325786888,5.358449963,4.023295489,-1.335154474
oxalac_opt-QR-4-6815-3_P1-Thre-1-0-0-6287.res,2,-5157.181512,0.625871693,-106.900867,-5159.401499,-2.219986637,5.194741644,3.96538742,-1.229354224
oxalac_opt-QR-4-6815-3_P1-Thre-1-0-0-6324.res,2,-5160.246782,0.747068394,-106.9644056,-5161.99844,-1.751658165,2.129472044,1.368446292,-0.761025752
oxalac_opt-QR-4-6815-3_P1-Thre-1-0-0-6359.res,2,-5155.54868,1.208584215,-106.8670208,-5156.982892,-1.434212356,6.827573731,6.383993789,-0.443579942
oxalac_opt-QR-4-6815-3_P1-Thre-1-0-0-6375.res,2,-5159.90633,0.248746176,-106.9573485,-5162.009301,-2.102971206,2.469924216,1.357585423,-1.112338792
oxalac_opt-QR-4-6815-3_P1-Thre-1-0-0-6402.res,2,-5162.687132,0.277840625,-107.0149905,-5164.129949,-1.442817392,-0.310878242,-0.76306322,-0.452184978
oxalac_opt-QR-4-6815-3_P1-Thre-1-0-0-6444.res,2,-5162.496707,0.297613323,-107.0110433,-5163.833365,-1.336658011,-0.120453366,-0.466478963,-0.346025597
oxalac_opt-QR-4-6815-3_P1-Thre-1-0-0-6481.res,2,-5161.350499,0.40883685,-106.987284,-5162.025952,-0.675453021,1.025754597,1.340933989,0.315179392
oxalac_opt-QR-4-6815-3_P1-Thre-1-0-0-6519.res,2,-5159.832027,0.34560368,-106.9558083,-5160.55806,-0.726033418,2.544226762,2.808825758,0.264598996
oxalac_opt-QR-4-6815-3_P1-Thre-1-0-0-6529.res,2,-5160.115618,0.298269978,-106.9616867,-5160.743839,-0.628220707,2.260635451,2.623047158,0.362411707
oxalac_opt-QR-4-6815-3_P1-Thre-1-0-0-6548.res,2,-5160.245451,0.315015789,-106.964378,-5161.369477,-1.124026099,2.130803093,1.997409408,-0.133393685
oxalac_opt-QR-4-6815-3_P1-Thre-1-0-0-6551.res,2,-5159.803842,0.256447282,-106.9552241,-5160.791728,-0.987885848,2.572411556,2.575158122,0.002746566
oxalac_opt-QR-4-6815-3_P1-Thre-1-0-0-6586.res,2,-5163.32677,0.625541613,-107.0282492,-5165.079298,-1.752528177,-0.950515825,-1.712411589,-0.761895764
oxalac_opt-QR-4-6815-3_P1-Thre-1-0-0-6680.res,2,-5161.13978,0.370366213,-106.9829161,-5163.03708,-1.897299648,1.236473795,0.329806561,-0.906667235
oxalac_opt-QR-4-6815-3_P1-Thre-1-0-0-6743.res,2,-5158.477482,0.619664116,-106.9277306,-5160.281466,-1.803984073,3.898771848,3.085420189,-0.813351659
oxalac_opt-QR-4-6815-3_P1-Thre-1-0-0-6763.res,2,-5160.561682,0.305101804,-106.970933,-5162.469577,-1.907894534,1.814571621,0.8973095,-0.917262121
oxalac_opt-QR-4-6815-3_P1-Thre-1-0-0-6818.res,2,-5158.391618,0.542429416,-106.9259507,-5159.431977,-1.040358592,3.984635337,3.934909159,-0.049726179
oxalac_opt-QR-4-6815-3_P1-Thre-1-0-0-6886.res,2,-5158.628086,0.488231641,-106.9308524,-5158.997153,-0.369067297,3.748168106,4.369733222,0.621565116
oxalac_opt-QR-4-6815-3_P1-Thre-1-0-0-6903.res,2,-5159.365959,0.547642832,-106.9461474,-5158.882637,0.483321752,3.010294573,4.484248739,1.473954166
oxalac_opt-QR-4-6815-3_P1-Thre-1-0-0-6921.res,2,-5160.144642,0.459792936,-106.9622884,-5159.845621,0.299020622,2.231612032,3.521265067,1.289653035
oxalac_opt-QR-4-6815-3_P1-Thre-1-0-0-6965.res,2,-5161.830179,0.476474854,-106.9972271,-5162.449409,-0.619229965,0.54607441,0.917476859,0.371402449
oxalac_opt-QR-4-6815-3_P1-Thre-1-0-0-6982.res,2,-5161.880331,0.349881045,-106.9982667,-5162.596189,-0.715857186,0.495922393,0.77069762,0.274775227
oxalac_opt-QR-4-6815-3_P1-Thre-1-0-0-7027.res,2,-5157.822118,0.358484278,-106.9141458,-5159.116612,-1.294494155,4.554136022,4.250274281,-0.303861741
oxalac_opt-QR-4-6815-3_P1-Thre-1-0-0-7110.res,2,-5156.805458,0.879695642,-106.8930719,-5157.077107,-0.271649795,5.570796162,6.289778781,0.718982618
oxalac_opt-QR-4-6815-3_P1-Thre-1-0-0-7148.res,2,-5153.810885,0.867610046,-106.8309988,-5153.626279,0.184606164,8.565368583,9.740607161,1.175238578
oxalac_opt-QR-4-6815-3_P1-Thre-1-0-0-7175.res,2,-5155.831568,0.372706898,-106.8728846,-5156.919791,-1.088222588,6.544685355,6.44709518,-0.097590175
oxalac_opt-QR-4-6815-3_P1-Thre-1-0-0-7178.res,2,-5155.843778,0.316207807,-106.8731377,-5156.793855,-0.950077201,6.532475486,6.573030698,0.040555212
oxalac_opt-QR-4-6815-3_P1-Thre-1-0-0-7184.res,2,-5156.48352,0.299204638,-106.8863986,-5157.753073,-1.26955322,5.892734136,5.61381333,-0.278920807
oxalac_opt-QR-4-6815-3_P1-Thre-1-0-0-7185.res,2,-5157.167825,0.295745356,-106.9005833,-5158.491225,-1.323399868,5.208428623,4.875661169,-0.332767455
oxalac_opt-QR-4-6815-3_P1-Thre-1-0-0-7214.res,2,-5160.411231,0.407077289,-106.9678144,-5162.638713,-2.227482306,1.965023061,0.728173168,-1.236849892
oxalac_opt-QR-4-6815-3_P1-Thre-1-0-0-7284.res,2,-5160.867753,0.590756597,-106.9772774,-5161.63482,-0.767066813,1.508500528,1.732066129,0.2235656
oxalac_opt-QR-4-6815-3_P1-Thre-1-0-0-7292.res,2,-5161.632286,0.52647585,-106.9931251,-5162.724592,-1.092306043,0.74396812,0.642294491,-0.101673629
oxalac_opt-QR-4-6815-3_P1-Thre-1-0-0-7417.res,2,-5156.955038,0.820969738,-106.8961725,-5158.209992,-1.254954041,5.421215758,5.156894131,-0.264321628
oxalac_opt-QR-4-6815-3_P1-Thre-1-0-0-7473.res,2,-5153.391021,1.099359616,-106.8222956,-5153.705125,-0.314103543,8.985232428,9.661761298,0.67652887
oxalac_opt-QR-4-6815-3_P1-Thre-1-0-0-7479.res,2,-5158.16809,1.036813181,-106.9213173,-5158.162405,0.005685446,4.208163789,5.204481649,0.99631786
oxalac_opt-QR-4-6815-3_P1-Thre-1-0-0-7509.res,2,-5159.314457,1.0351334,-106.9450798,-5159.469875,-0.155417975,3.061796739,3.897011177,0.835214438
oxalac_opt-QR-4-6815-3_P1-Thre-1-0-0-7511.res,2,-5158.785403,1.045903202,-106.9341133,-5159.342104,-0.556700613,3.590850527,4.024782328,0.433931801
oxalac_opt-QR-4-6815-3_P1-Thre-1-0-0-7608.res,2,-5158.021137,0.939148418,-106.9182712,-5159.055892,-1.034755034,4.355117035,4.310994414,-0.04412262
oxalac_opt-QR-4-6815-3_P1-Thre-1-0-0-7646.res,2,-5157.685464,0.916424363,-106.9113132,-5159.163301,-1.477837376,4.690790002,4.20358504,-0.487204962
oxalac_opt-QR-4-6815-3_P1-Thre-1-0-0-7709.res,2,-5157.178431,0.56182648,-106.9008031,-5158.441101,-1.262670093,5.197822965,4.925785286,-0.272037679
oxalac_opt-QR-4-6815-3_P1-Thre-1-0-0-7751.res,2,-5155.630586,1.372818655,-106.8687185,-5155.754131,-0.123545631,6.745668142,7.612754924,0.867086783
oxalac_opt-QR-4-6815-3_P1-Thre-1-0-0-7770.res,2,-5158.096027,0.809955576,-106.9198236,-5158.022672,0.073355513,4.280226639,5.344214566,1.063987927
oxalac_opt-QR-4-6815-3_P1-Thre-1-0-0-7875.res,2,-5156.469185,0.844647719,-106.8861015,-5157.859514,-1.390329809,5.907069099,5.507371704,-0.399697396
oxalac_opt-QR-4-6815-3_P1-Thre-1-0-0-7900.res,2,-5154.019544,1.105718121,-106.835324,-5154.723339,-0.703794825,8.356709435,8.643547023,0.286837589
oxalac_opt-QR-4-6815-3_P1-Thre-1-0-0-7970.res,2,-5153.031345,1.074710139,-106.8148401,-5152.742692,0.288653501,9.344908607,10.62419452,1.279285914
oxalac_opt-QR-4-6815-3_P1-Thre-1-0-0-7971.res,2,-5152.815507,1.072114586,-106.8103661,-5152.547727,0.267779928,9.560747146,10.81915949,1.258412342
oxalac_opt-QR-4-6815-3_P1-Thre-1-0-0-7997.res,2,-5153.248841,1.199614438,-106.8193484,-5152.932333,0.316508216,9.127412984,10.43455361,1.30714063
oxalac_opt-QR-4-6815-3_P1-Thre-1-0-0-8063.res,2,-5152.226947,0.929665261,-106.7981661,-5153.112766,-0.885819156,10.14930656,10.25411982,0.104813257
oxalac_opt-QR-4-6815-3_P1-Thre-1-0-0-8110.res,2,-5154.537294,0.454690049,-106.8460562,-5155.879868,-1.342574559,7.838959829,7.487017684,-0.351942145
oxalac_opt-QR-4-6815-3_P1-Thre-1-0-0-8120.res,2,-5154.751667,0.540192726,-106.8504998,-5156.241719,-1.490051958,7.624586932,7.125167388,-0.499419544
oxalac_opt-QR-4-6815-3_P1-Thre-1-0-0-8182.res,2,-5152.969501,1.072137199,-106.8135581,-5153.189812,-0.220311545,9.406753018,10.17707389,0.770320869
oxalac_opt-QR-4-6815-3_P1-Thre-1-0-0-8214.res,2,-5154.157936,0.955211173,-106.8381927,-5154.39108,-0.233143731,8.218317558,8.97580624,0.757488682
oxalac_opt-QR-4-6815-3_P1-Thre-1-0-0-8219.res,2,-5151.583067,0.948462987,-106.7848194,-5152.277452,-0.694384129,10.79318633,11.08943461,0.296248284
oxalac_opt-QR-4-6815-3_P1-Thre-1-0-0-8236.res,2,-5147.925367,1.389846588,-106.7090006,-5148.777709,-0.852342611,14.4508869,14.5891767,0.138289802
oxalac_opt-QR-4-6815-3_P1-Thre-1-0-0-8315.res,2,-5157.245469,0.322798276,-106.9021927,-5158.956069,-1.710599742,5.130784959,4.410817631,-0.719967328
oxalac_opt-QR-4-6815-3_P1-Thre-1-0-0-8420.res,2,-5154.030147,0.749145444,-106.8355438,-5156.438878,-2.408731051,8.346106501,6.928007863,-1.418098637
oxalac_opt-QR-4-6815-3_P1-Thre-1-0-0-8433.res,2,-5154.421692,0.797218614,-106.8436599,-5156.685837,-2.264145371,7.954561852,6.681048894,-1.273512958
oxalac_opt-QR-4-6815-3_P1-Thre-1-0-0-8454.res,2,-5157.351701,0.563279016,-106.9043948,-5158.817802,-1.466101416,5.024552973,4.549083971,-0.475469002
oxalac_opt-QR-4-6815-3_P1-Thre-1-0-0-8485.res,2,-5157.594102,0.536503531,-106.9094194,-5158.900385,-1.306283663,4.782151999,4.466500749,-0.31565125
oxalac_opt-QR-4-6815-3_P1-Thre-1-0-0-8519.res,2,-5157.237279,0.246120384,-106.902023,-5158.408096,-1.170817126,5.13897521,4.958790497,-0.180184713
oxalac_opt-QR-4-6815-3_P1-Thre-1-0-0-8521.res,2,-5157.543875,0.261067043,-106.9083783,-5158.589654,-1.045778345,4.832378578,4.777232647,-0.055145931
oxalac_opt-QR-4-6815-3_P1-Thre-1-0-0-8528.res,2,-5160.691111,0.424323043,-106.9736159,-5162.331989,-1.640877297,1.685142432,1.034897549,-0.650244883
oxalac_opt-QR-4-6815-3_P1-Thre-1-0-0-8740.res,2,-5157.537818,0.345874905,-106.9082527,-5159.517721,-1.979903409,4.838436074,3.849165078,-0.989270996
oxalac_opt-QR-4-6815-3_P1-Thre-1-0-0-8763.res,2,-5160.991017,0.191665207,-106.9798325,-5162.428678,-1.437660674,1.385236918,0.938208657,-0.447028261
oxalac_opt-QR-4-6815-3_P1-Thre-1-0-0-8810.res,2,-5157.071154,0.357139027,-106.8985794,-5157.986694,-0.915539782,5.305099376,5.380192008,0.075092631
oxalac_opt-QR-4-6815-3_P1-Thre-1-0-0-8827.res,2,-5157.548451,0.326766786,-106.9084731,-5158.325506,-0.777054885,4.827802462,5.041379991,0.213577529
oxalac_opt-QR-4-6815-3_P1-Thre-1-0-0-8832.res,2,-5158.784152,0.432648859,-106.9340874,-5159.175485,-0.391333202,3.592102147,4.191401358,0.599299212
oxalac_opt-QR-4-6815-3_P1-Thre-1-0-0-8887.res,2,-5156.296192,0.552947104,-106.8825156,-5156.70677,-0.410577503,6.080061497,6.660116407,0.58005491
oxalac_opt-QR-4-6815-3_P1-Thre-1-0-0-8911.res,2,-5158.496097,0.37180898,-106.9281164,-5159.610347,-1.114249629,3.880156398,3.756539183,-0.123617215
oxalac_opt-QR-4-6815-3_P1-Thre-1-0-0-8923.res,2,-5160.961301,0.374190285,-106.9792165,-5162.274967,-1.313666499,1.414953004,1.091918918,-0.323034086
oxalac_opt-QR-4-6815-3_P1-Thre-1-0-0-8931.res,2,-5159.287802,0.302403031,-106.9445273,-5160.042491,-0.754688694,3.088451279,3.324394998,0.23594372
oxalac_opt-QR-4-6815-3_P1-Thre-1-0-0-8950.res,2,-5158.223201,0.232524223,-106.9224597,-5158.142871,0.080330113,4.153052573,5.2240151,1.070962526
oxalac_opt-QR-4-6815-3_P1-Thre-1-0-0-9006.res,2,-5153.596363,0.590460003,-106.8265521,-5153.690534,-0.094171243,8.779891117,9.676352288,0.896461171
oxalac_opt-QR-4-6815-3_P1-Thre-1-0-0-9019.res,2,-5153.000945,0.775895625,-106.8142099,-5152.008437,0.99250809,9.375309138,11.35844964,1.983140503
oxalac_opt-QR-4-6815-3_P1-Thre-1-0-0-9047.res,2,-5156.127328,0.880952999,-106.8790153,-5155.479661,0.647666263,6.248926072,7.887224749,1.638298677
oxalac_opt-QR-4-6815-3_P1-Thre-1-0-0-9078.res,2,-5156.505194,0.90654081,-106.8868479,-5156.471082,0.034112159,5.871059872,6.895804445,1.024744572
oxalac_opt-QR-4-6815-3_P1-Thre-1-0-0-9109.res,2,-5155.047685,0.915576902,-106.8566359,-5156.110537,-1.06285239,7.328568788,7.256348812,-0.072219977
oxalac_opt-QR-4-6815-3_P1-Thre-1-0-0-9116.res,2,-5157.405942,1.31700702,-106.9055191,-5158.428174,-1.022232246,4.970311738,4.938711905,-0.031599833
oxalac_opt-QR-4-6815-3_P1-Thre-1-0-0-9149.res,2,-5151.57649,0.759214251,-106.784683,-5154.221637,-2.645147262,10.79976376,9.145248913,-1.654514848
oxalac_opt-QR-4-6815-3_P1-Thre-1-0-0-9238.res,2,-5151.70486,0.544600294,-106.787344,-5151.52547,0.179390039,10.67139404,11.8414165,1.170022453
oxalac_opt-QR-4-6815-3_P1-Thre-1-0-0-9240.res,2,-5151.475105,0.482283958,-106.7825815,-5151.01332,0.461784915,10.90114849,12.35356582,1.452417328
oxalac_opt-QR-4-6815-3_P1-Thre-1-0-0-9277.res,2,-5152.612049,0.657208471,-106.8061487,-5152.657956,-0.045907802,9.764205236,10.70892985,0.944724611
oxalac_opt-QR-4-6815-3_P1-Thre-1-0-0-9330.res,2,-5153.355671,1.198654679,-106.8215629,-5153.161198,0.194473244,9.020582877,10.20568854,1.185105658
oxalac_opt-QR-4-6815-3_P1-Thre-1-0-0-9424.res,2,-5157.500028,0.856806734,-106.9074694,-5157.089545,0.4104822,4.876226246,6.27734086,1.401114614
oxalac_opt-QR-4-6815-3_P1-Thre-1-0-0-9472.res,2,-5157.846039,0.76454466,-106.9146417,-5158.211126,-0.365087173,4.530215188,5.155760428,0.62554524
oxalac_opt-QR-4-6815-3_P1-Thre-1-0-0-9515.res,2,-5157.58875,0.203191787,-106.9093084,-5157.858399,-0.269648786,4.787503928,5.508487556,0.720983628
oxalac_opt-QR-4-6815-3_P1-Thre-1-0-0-9550.res,2,-5153.430319,0.556144763,-106.8231102,-5154.139376,-0.709056496,8.945934439,9.227510357,0.281575918
oxalac_opt-QR-4-6815-3_P1-Thre-1-0-0-9554.res,2,-5152.806318,0.535176097,-106.8101756,-5153.491205,-0.684887608,9.569935997,9.875680803,0.305744805
oxalac_opt-QR-4-6815-3_P1-Thre-1-0-0-9627.res,2,-5153.266242,0.497421887,-106.8197091,-5154.189154,-0.92291212,9.110011846,9.177732139,0.067720294
oxalac_opt-QR-4-6815-3_P1-Thre-1-0-0-9691.res,2,-5149.896969,0.750392061,-106.749869,-5150.945989,-1.049020314,12.47928502,12.42089712,-0.0583879
oxalac_opt-QR-4-6815-3_P1-Thre-1-0-0-9790.res,2,-5155.395029,0.355961152,-106.8638358,-5155.019193,0.375836718,6.981224511,8.347693643,1.366469132
oxalac_opt-QR-4-6815-3_P1-Thre-1-0-0-9793.res,2,-5155.994268,0.299596098,-106.8762572,-5155.556425,0.437843729,6.381985378,7.810461521,1.428476143
oxalac_opt-QR-4-6815-3_P1-Thre-1-0-0-9796.res,2,-5154.727146,0.524049964,-106.8499916,-5154.030737,0.696409344,7.649107678,9.336149436,1.687041758
oxalac_opt-QR-4-6815-3_P1-Thre-1-0-0-9816.res,2,-5154.020701,0.698922646,-106.835348,-5153.627083,0.393617561,8.355552981,9.739802956,1.384249975
oxalac_opt-QR-4-6815-3_P1-Thre-1-0-0-9817.res,2,-5154.074027,0.694341822,-106.8364534,-5153.687367,0.386660153,8.302226852,9.679519419,1.377292567
oxalac_opt-QR-4-6815-3_P1-Thre-1-0-0-9967.res,2,-5160.179672,0.600983437,-106.9630145,-5160.417126,-0.237453939,2.196581442,2.949759917,0.753178474
oxalac_opt-QR-4-6815-3_P1-Thre-1-0-0-9971.res,2,-5159.289896,0.478723508,-106.9445707,-5159.384483,-0.094587124,3.086357796,3.982403086,0.89604529
oxalac_opt-QR-4-6815-3_P1-Thre-1-0-0-9977.res,2,-5157.088235,0.529433258,-106.8989335,-5156.439979,0.648255649,5.288018904,6.926906966,1.638888062
oxalac_opt-QR-4-6815-3_P1-Thre-1-0-0-9997.res,2,-5155.989074,0.707478367,-106.8761495,-5157.015186,-1.026112295,6.387180039,6.351700157,-0.035479882
oxalac_opt-QR-4-6815-3_P1-Thre-1-0-0-10087.res,2,-5155.01002,0.516484401,-106.8558551,-5154.516412,0.493607269,7.366234073,8.850473756,1.484239683
oxalac_opt-QR-4-6815-3_P1-Thre-1-0-0-10103.res,2,-5156.99469,0.673746916,-106.8969944,-5157.235001,-0.240311232,5.381564218,6.131885399,0.750321182
oxalac_opt-QR-4-6815-3_P1-Thre-1-0-0-10107.res,2,-5157.644649,0.781867267,-106.9104671,-5157.95211,-0.307461579,4.731604885,5.414775719,0.683170834
oxalac_opt-QR-4-6815-3_P1-Thre-1-0-0-10148.res,2,-5156.878775,0.645689947,-106.8945917,-5157.342029,-0.463253689,5.497478901,6.024857625,0.527378724
oxalac_opt-QR-4-6815-3_P1-Thre-1-0-0-10212.res,2,-5152.569754,0.63007555,-106.805272,-5151.557246,1.012508325,9.806499286,11.80964003,2.003140739
oxalac_opt-QR-4-6815-3_P1-Thre-1-0-0-10226.res,2,-5154.633593,0.586936523,-106.8480524,-5154.190681,0.442912462,7.742660384,9.176205259,1.433544876
oxalac_opt-QR-4-6815-3_P1-Thre-1-0-0-10286.res,2,-5151.117911,0.88283157,-106.7751774,-5151.564967,-0.447056749,11.25834312,11.80191879,0.543575665
oxalac_opt-QR-4-6815-3_P1-Thre-1-0-0-10358.res,2,-5152.799766,1.037579316,-106.8100398,-5152.356908,0.442858225,9.57648736,11.009978,1.433490638
oxalac_opt-QR-4-6815-3_P1-Thre-1-0-0-10389.res,2,-5154.878171,0.691648913,-106.8531221,-5152.319262,2.558909761,7.49808246,11.04762464,3.549542175
oxalac_opt-QR-4-6815-3_P1-Thre-1-0-0-10457.res,2,-5155.379328,0.613789956,-106.8635104,-5153.139072,2.240256335,6.996925315,10.22781406,3.230888748
oxalac_opt-QR-4-6815-3_P1-Thre-1-0-0-10484.res,2,-5155.65225,0.370375797,-106.8691676,-5153.362188,2.290062518,6.724003612,10.00469854,3.280694932
oxalac_opt-QR-4-6815-3_P1-Thre-1-0-0-10513.res,2,-5155.482898,0.456833296,-106.8656572,-5154.276023,1.206875222,6.893355887,9.090863522,2.197507635
oxalac_opt-QR-4-6815-3_P1-Thre-1-0-0-10518.res,2,-5157.536211,0.604750366,-106.9082194,-5155.550079,1.986131888,4.840042576,7.816806877,2.976764301
oxalac_opt-QR-4-6815-3_P1-Thre-1-0-0-10581.res,2,-5161.857798,0.166850741,-106.9977996,-5161.931791,-0.073993146,0.518455698,1.435094965,0.916639267
oxalac_opt-QR-4-6815-3_P1-Thre-1-0-0-10777.res,2,-5162.437717,0.912151434,-107.0098205,-5163.556749,-1.119032885,-0.061462834,-0.189863306,-0.128400472
oxalac_opt-QR-4-6815-3_P1-Thre-1-0-0-10871.res,2,-5163.719748,0.579368449,-107.0363951,-5164.68283,-0.963081421,-1.343494322,-1.315943329,0.027550992
oxalac_opt-QR-4-6815-3_P1-Thre-1-0-0-10899.res,2,-5162.148929,0.456193144,-107.0038343,-5162.175602,-0.026672512,0.22732441,1.191284312,0.963959902
oxalac_opt-QR-4-6815-3_P1-Thre-1-0-0-10970.res,2,-5161.323164,0.800147735,-106.9867174,-5162.486204,-1.163040006,1.053089298,0.880681705,-0.172407593
oxalac_opt-QR-4-6815-3_P1-Thre-1-0-0-11048.res,2,-5162.377488,0.624656142,-107.008572,-5163.006579,-0.629090514,-0.001234404,0.360307496,0.3615419
oxalac_opt-QR-4-6815-3_P1-Thre-1-0-0-11102.res,2,-5160.812977,0.874062369,-106.976142,-5162.442436,-1.629459754,1.563277193,0.924449852,-0.63882734
oxalac_opt-QR-4-6815-3_P1-Thre-1-0-0-11105.res,2,-5162.636622,0.749310257,-107.0139435,-5164.049694,-1.413072305,-0.260367815,-0.682807707,-0.422439891
oxalac_opt-QR-4-6815-3_P1-Thre-1-0-0-11131.res,2,-5163.437896,0.633457982,-107.0305527,-5165.544053,-2.106156867,-1.061642389,-2.177166842,-1.115524453
oxalac_opt-QR-4-6815-3_P1-Thre-1-0-0-11187.res,2,-5162.211724,0.677946645,-107.005136,-5164.363524,-2.151800392,0.164530231,-0.996637747,-1.161167978
oxalac_opt-QR-4-6815-3_P1-Thre-1-0-0-11265.res,2,-5157.659962,0.506940088,-106.9107846,-5159.002366,-1.342403268,4.716291459,4.364520604,-0.351770855
oxalac_opt-QR-4-6815-3_P1-Thre-1-0-0-11316.res,2,-5157.728771,0.41278178,-106.9122109,-5159.233223,-1.50445156,4.647482732,4.133663585,-0.513819147
oxalac_opt-QR-4-6815-3_P1-Thre-1-0-0-11358.res,2,-5163.058024,0.517847301,-107.0226785,-5163.755031,-0.697006732,-0.681770153,-0.388144472,0.293625681
oxalac_opt-QR-4-6815-3_P1-Thre-1-0-0-11482.res,2,-5159.654632,0.66076954,-106.9521312,-5161.350038,-1.695406215,2.721622104,2.016848303,-0.704773801
oxalac_opt-QR-4-6815-3_P1-Thre-1-0-0-11500.res,2,-5158.80134,1.017562716,-106.9344437,-5160.903584,-2.102244349,3.574914158,2.463302223,-1.111611935
oxalac_opt-QR-4-6815-3_P1-Thre-1-0-0-11507.res,2,-5157.711827,0.989546493,-106.9118596,-5159.653589,-1.941762162,4.664427111,3.713297362,-0.951129749
oxalac_opt-QR-4-6815-3_P1-Thre-1-0-0-11517.res,2,-5158.387111,0.829221912,-106.9258573,-5160.316911,-1.929799536,3.989142468,3.049975346,-0.939167122
oxalac_opt-QR-4-6815-3_P1-Thre-1-0-0-11526.res,2,-5156.832366,0.922763812,-106.8936297,-5159.023113,-2.190747219,5.543888174,4.343773368,-1.200114806
oxalac_opt-QR-4-6815-3_P1-Thre-1-0-0-11534.res,2,-5157.78375,0.863769523,-106.9133505,-5160.557088,-2.773338615,4.592504048,2.809797847,-1.782706201
oxalac_opt-QR-4-6815-3_P1-Thre-1-0-0-11560.res,2,-5158.064161,1.548510528,-106.919163,-5160.39769,-2.333528982,4.312092967,2.969196399,-1.342896568
oxalac_opt-QR-4-6815-3_P1-Thre-1-0-0-11582.res,2,-5155.710513,0.859423678,-106.8703753,-5157.406653,-1.696140035,6.665740352,5.960232731,-0.705507621
oxalac_opt-QR-4-6815-3_P1-Thre-1-0-0-11668.res,2,-5155.70646,0.553543997,-106.8702913,-5157.099016,-1.392556778,6.669794227,6.267869862,-0.401924365
oxalac_opt-QR-4-6815-3_P1-Thre-1-0-0-11688.res,2,-5160.454631,0.704190759,-106.968714,-5162.531074,-2.076442028,1.921622274,0.83581266,-1.085809614
oxalac_opt-QR-4-6815-3_P1-Thre-1-0-0-11698.res,2,-5159.1491,0.793000869,-106.9416522,-5161.169878,-2.020777228,3.227153378,2.197008563,-1.030144814
oxalac_opt-QR-4-6815-3_P1-Thre-1-0-0-11709.res,2,-5160.501378,0.771497725,-106.969683,-5162.509463,-2.008084858,1.874875883,0.857423439,-1.017452444
oxalac_opt-QR-4-6815-3_P1-Thre-1-0-0-11739.res,2,-5158.493638,0.334853049,-106.9280655,-5160.992579,-2.498941189,3.882615845,2.37430707,-1.508308775
oxalac_opt-QR-4-6815-3_P1-Thre-1-0-0-11748.res,2,-5157.140431,0.259819618,-106.9000154,-5159.858885,-2.71845392,5.235822738,3.508001232,-1.727821506
oxalac_opt-QR-4-6815-3_P1-Thre-1-0-0-11765.res,2,-5156.585306,0.454629556,-106.8885085,-5159.714237,-3.128930901,5.790947597,3.65264911,-2.138298487
oxalac_opt-QR-4-6815-3_P1-Thre-1-0-0-11805.res,2,-5156.494862,0.507415251,-106.8866337,-5159.001056,-2.506193592,5.881391571,4.365830392,-1.515561179
oxalac_opt-QR-4-6815-3_P1-Thre-1-0-0-11850.res,2,-5157.102945,0.450865999,-106.8992384,-5160.136842,-3.033897326,5.273308858,3.230043946,-2.043264912
oxalac_opt-QR-4-6815-3_P1-Thre-1-0-0-11894.res,2,-5159.540087,0.312326304,-106.9497568,-5162.101241,-2.561154219,2.836166861,1.265645056,-1.570521805
oxalac_opt-QR-4-6815-3_P1-Thre-1-0-0-11905.res,2,-5161.642878,0.315643384,-106.9933446,-5163.713827,-2.070948963,0.733375645,-0.346940904,-1.080316549
oxalac_opt-QR-4-6815-3_P1-Thre-1-0-0-11929.res,2,-5162.316924,0.348198568,-107.0073166,-5164.366794,-2.049870784,0.059330254,-0.999908117,-1.059238371
oxalac_opt-QR-4-6815-3_P1-Thre-1-0-0-11938.res,2,-5160.536978,0.460658902,-106.9704209,-5162.586183,-2.049204373,1.839275588,0.780703629,-1.058571959
oxalac_opt-QR-4-6815-3_P1-Thre-1-0-0-11951.res,2,-5154.007757,0.404513468,-106.8350797,-5156.018535,-2.010778707,8.368497223,7.34835093,-1.020146294
oxalac_opt-QR-4-6815-3_P1-Thre-1-0-0-11956.res,2,-5154.271388,0.550563319,-106.8405444,-5155.980655,-1.709266669,8.1048658,7.386231544,-0.718634256
oxalac_opt-QR-4-6815-3_P1-Thre-1-0-0-11968.res,2,-5154.000423,0.558801141,-106.8349276,-5156.280598,-2.28017513,8.375830868,7.086288151,-1.289542717
oxalac_opt-QR-4-6815-3_P1-Thre-1-0-0-11974.res,2,-5150.246044,0.746690275,-106.7571048,-5153.163146,-2.917101875,12.13020948,10.20374001,-1.926469461
oxalac_opt-QR-4-6815-3_P1-Thre-1-0-0-11993.res,2,-5154.97977,1.535347484,-106.8552281,-5154.264927,0.714842257,7.39648418,9.10195885,1.70547467
oxalac_opt-QR-4-6815-3_P1-Thre-1-0-0-11996.res,2,-5155.058176,1.588063881,-106.8568533,-5154.337228,0.720947401,7.318078253,9.029658068,1.711579815
oxalac_opt-QR-4-6815-3_P1-Thre-1-0-0-12033.res,2,-5156.496075,0.536609424,-106.8866589,-5157.004114,-0.508039028,5.88017846,6.362771846,0.482593386
oxalac_opt-QR-4-6815-3_P1-Thre-1-0-0-12059.res,2,-5156.633404,0.392884885,-106.8895055,-5157.960505,-1.327100482,5.742849565,5.406381497,-0.336468068
oxalac_opt-QR-4-6815-3_P1-Thre-1-0-0-12089.res,2,-5150.617112,0.340211358,-106.7647965,-5150.491454,0.125658172,11.75914158,12.87543217,1.116290585
oxalac_opt-QR-4-6815-3_P1-Thre-1-0-0-12153.res,2,-5152.281508,0.202750199,-106.799297,-5151.738742,0.542765273,10.09474624,11.62814393,1.533397687
oxalac_opt-QR-4-6815-3_P1-Thre-1-0-0-12252.res,2,-5156.164454,0.538362475,-106.8797849,-5156.923594,-0.75914001,6.211799808,6.443292212,0.231492404
oxalac_opt-QR-4-6815-3_P1-Thre-1-0-0-12334.res,2,-5158.586577,0.26126306,-106.929992,-5157.57934,1.007236939,3.789676387,5.787545739,1.997869352
oxalac_opt-QR-4-6815-3_P1-Thre-1-0-0-12537.res,2,-5155.431416,0.269597275,-106.8645901,-5155.321049,0.110367164,6.944837851,8.045837428,1.100999578
oxalac_opt-QR-4-6815-3_P1-Thre-1-0-0-12545.res,2,-5153.02923,0.454388436,-106.8147962,-5153.338436,-0.309205836,9.347023755,10.02845033,0.681426577
oxalac_opt-QR-4-6815-3_P1-Thre-1-0-0-12593.res,2,-5156.045057,0.339023945,-106.8773099,-5155.683052,0.362005293,6.331196497,7.683834203,1.352637707
oxalac_opt-QR-4-6815-3_P1-Thre-1-0-0-12638.res,2,-5155.842206,0.498435795,-106.8731051,-5157.548773,-1.70656704,6.534047394,5.818112767,-0.715934626
oxalac_opt-QR-4-6815-3_P1-Thre-1-0-0-12691.res,2,-5150.882205,0.528606718,-106.7702915,-5152.528299,-1.646093649,11.49404852,10.83858729,-0.655461235
oxalac_opt-QR-4-6815-3_P1-Thre-1-0-0-12703.res,2,-5155.29971,0.124380207,-106.86186,-5156.338378,-1.038667733,7.076543727,7.028508407,-0.04803532
oxalac_opt-QR-4-6815-3_P1-Thre-1-0-0-12734.res,2,-5153.585249,0.41661517,-106.8263217,-5152.047874,1.537374632,8.791005191,11.31901224,2.528007045
oxalac_opt-QR-4-6815-3_P1-Thre-1-0-0-12758.res,2,-5154.695608,0.341820193,-106.8493378,-5152.926914,1.768694017,7.680645798,10.43997223,2.759326431
oxalac_opt-QR-4-6815-3_P1-Thre-1-0-0-12809.res,2,-5153.331854,0.438676966,-106.8210692,-5152.396885,0.934968583,9.044399761,10.97000076,1.925600996
oxalac_opt-QR-4-6815-3_P1-Thre-1-0-0-12834.res,2,-5155.615012,0.691967026,-106.8683957,-5155.068394,0.546618012,6.761241982,8.298492407,1.537250425
oxalac_opt-QR-4-6815-3_P1-Thre-1-0-0-12853.res,2,-5155.84005,0.756106935,-106.8730605,-5157.612057,-1.772006677,6.536203283,5.754829019,-0.781374264
oxalac_opt-QR-4-6815-3_P1-Thre-1-0-0-12874.res,2,-5152.864739,0.963656297,-106.8113866,-5154.566165,-1.701426245,9.511514939,8.800721107,-0.710793832
oxalac_opt-QR-4-6815-3_P1-Thre-1-0-0-12882.res,2,-5154.264022,0.879397548,-106.8403917,-5155.519609,-1.255586718,8.112231724,7.84727742,-0.264954304
oxalac_opt-QR-4-6815-3_P1-Thre-1-0-0-12938.res,2,-5147.187337,0.454536239,-106.6937023,-5149.112719,-1.925382952,15.18891723,14.25416669,-0.934750538
oxalac_opt-QR-4-6815-3_P1-Thre-1-0-0-12979.res,2,-5149.242758,0.490752446,-106.7363082,-5150.631149,-1.388390357,13.13349531,12.73573736,-0.397757944
oxalac_opt-QR-4-6815-3_P1-Thre-1-0-0-13030.res,2,-5155.736921,0.594949815,-106.8709227,-5155.615342,0.121578729,6.639333073,7.751544215,1.112211142
oxalac_opt-QR-4-6815-3_P1-Thre-1-0-0-13041.res,2,-5154.670925,0.289771311,-106.8488262,-5154.132125,0.538800221,7.705328593,9.234761228,1.529432634
oxalac_opt-QR-4-6815-3_P1-Thre-1-0-0-13050.res,2,-5153.566373,0.158537475,-106.8259304,-5152.991498,0.574874892,8.809881036,10.37538834,1.565507305
oxalac_opt-QR-4-6815-3_P1-Thre-1-0-0-13060.res,2,-5151.135527,0.269333353,-106.7755425,-5151.110989,0.024538512,11.24072667,12.2558976,1.015170925
oxalac_opt-QR-4-6815-3_P1-Thre-1-0-0-13067.res,2,-5151.729281,0.196864704,-106.7878502,-5152.131383,-0.402102129,10.64697247,11.23550276,0.588530284
oxalac_opt-QR-4-6815-3_P1-Thre-1-0-0-13099.res,2,-5158.268891,0.456818117,-106.9234068,-5158.775514,-0.506622895,4.107362515,4.591372034,0.484009519
oxalac_opt-QR-4-6815-3_P1-Thre-1-0-0-13138.res,2,-5156.098238,0.30111709,-106.8784123,-5156.943662,-0.845424308,6.278015645,6.42322375,0.145208105
oxalac_opt-QR-4-6815-3_P1-Thre-1-0-0-13143.res,2,-5154.63531,0.318425388,-106.8480879,-5154.492467,0.142843223,7.74094336,8.874418997,1.133475636
oxalac_opt-QR-4-6815-3_P1-Thre-1-0-0-13153.res,2,-5154.282816,0.345372572,-106.8407813,-5154.868529,-0.585712539,8.093437506,8.49835738,0.404919874
oxalac_opt-QR-4-6815-3_P1-Thre-1-0-0-13173.res,2,-5151.713232,0.396539796,-106.7875175,-5151.334747,0.378485135,10.66302146,12.032139,1.369117548
oxalac_opt-QR-4-6815-3_P1-Thre-1-0-0-13201.res,2,-5153.863521,0.183923638,-106.8320899,-5153.870803,-0.00728257,8.512733156,9.496082999,0.983349844
oxalac_opt-QR-4-6815-3_P1-Thre-1-0-0-13227.res,2,-5151.657929,0.383416467,-106.7863712,-5152.253999,-0.596069468,10.71832435,11.1128873,0.394562945
oxalac_opt-QR-4-6815-3_P1-Thre-1-0-0-13260.res,2,-5151.525084,0.081680125,-106.7836175,-5151.35338,0.171703829,10.85116952,12.01350576,1.162336242
oxalac_opt-QR-4-6815-3_P1-Thre-1-0-0-13263.res,2,-5151.373566,0.079947952,-106.7804767,-5151.376711,-0.003144614,11.00268733,11.99017513,0.987487799
oxalac_opt-QR-4-6815-3_P1-Thre-1-0-0-13268.res,2,-5152.757953,0.187152732,-106.8091731,-5152.417265,0.340688888,9.618300312,10.94962161,1.331321302
oxalac_opt-QR-4-6815-3_P1-Thre-1-0-0-13335.res,2,-5152.433885,0.251755547,-106.8024556,-5151.082705,1.351180611,9.942368277,12.2841813,2.341813024
oxalac_opt-QR-4-6815-3_P1-Thre-1-0-0-13378.res,2,-5149.715258,0.462622676,-106.7461024,-5150.174007,-0.458748776,12.66099532,13.19287896,0.531883638
oxalac_opt-QR-4-6815-3_P1-Thre-1-0-0-13409.res,2,-5154.398012,0.392040034,-106.8431691,-5153.606693,0.791318294,7.978242006,9.760192714,1.781950708
oxalac_opt-QR-4-6815-3_P1-Thre-1-0-0-13421.res,2,-5152.996126,0.501060526,-106.81411,-5151.139579,1.856547029,9.380127629,12.22730707,2.847179442
oxalac_opt-QR-4-6815-3_P1-Thre-1-0-0-13423.res,2,-5150.862265,0.613376153,-106.7698782,-5149.219612,1.642652903,11.51398916,14.14727448,2.633285317
oxalac_opt-QR-4-6815-3_P1-Thre-1-0-0-13501.res,2,-5151.427034,0.623943688,-106.781585,-5150.812332,0.614702274,10.94921967,12.55455436,1.605334688
oxalac_opt-QR-4-6815-3_P1-Thre-1-0-0-13571.res,2,-5158.444671,0.909957274,-106.9270505,-5158.728874,-0.28420227,3.931582406,4.63801255,0.706430143
oxalac_opt-QR-4-6815-3_P1-Thre-1-0-0-13602.res,2,-5158.959397,0.518198438,-106.93772,-5159.91919,-0.95979285,3.416856421,3.447695985,0.030839564
oxalac_opt-QR-4-6815-3_P1-Thre-1-0-0-13616.res,2,-5155.066776,0.366499403,-106.8570316,-5155.877501,-0.810725066,7.309477603,7.489384951,0.179907347
oxalac_opt-QR-4-6815-3_P1-Thre-1-0-0-13655.res,2,-5154.839977,0.544698589,-106.8523304,-5153.235512,1.604464726,7.536276964,10.1313741,2.59509714
oxalac_opt-QR-4-6815-3_P1-Thre-1-0-0-13675.res,2,-5156.463254,0.610866356,-106.8859786,-5155.0707,1.392553824,5.912999689,8.296185926,2.383186238
oxalac_opt-QR-4-6815-3_P1-Thre-1-0-0-13757.res,2,-5159.338104,0.304749378,-106.94557,-5157.314609,2.023495452,3.038149436,6.052277302,3.014127866
oxalac_opt-QR-4-6815-3_P1-Thre-1-0-0-13767.res,2,-5158.345997,0.242659367,-106.9250051,-5156.369945,1.97605203,4.030256383,6.996940826,2.966684444
oxalac_opt-QR-4-6815-3_P1-Thre-1-0-0-13772.res,2,-5156.453415,0.532464388,-106.8857746,-5156.302062,0.151353582,5.922838517,7.064824512,1.141985995
oxalac_opt-QR-4-6815-3_P1-Thre-1-0-0-13827.res,2,-5158.803028,0.87776307,-106.9344787,-5155.539989,3.26303914,3.573225757,7.82689731,4.253671553
oxalac_opt-QR-4-6815-3_P1-Thre-1-0-0-13864.res,2,-5158.001377,0.485238393,-106.9178616,-5156.279415,1.721961855,4.374876792,7.087471061,2.712594269
oxalac_opt-QR-4-6815-3_P1-Thre-1-0-0-14017.res,2,-5158.645867,0.19362355,-106.931221,-5158.47684,0.169027938,3.730386294,4.890046645,1.159660352
oxalac_opt-QR-4-6815-3_P1-Thre-1-0-0-14033.res,2,-5155.891004,0.245344542,-106.8741166,-5154.757753,1.133250863,6.48524985,8.609133126,2.123883276
oxalac_opt-QR-4-6815-3_P1-Thre-1-0-0-14041.res,2,-5154.985338,0.395676313,-106.8553435,-5155.326359,-0.341021222,7.390916168,8.040527359,0.649611192
oxalac_opt-QR-4-6815-3_P1-Thre-1-0-0-14079.res,2,-5152.925723,0.406609786,-106.8126507,-5152.429639,0.496083432,9.450531045,10.93724689,1.486715846
oxalac_opt-QR-4-6815-3_P1-Thre-1-0-0-14102.res,2,-5151.589191,0.572667165,-106.7849463,-5149.855194,1.733996378,10.78706319,13.51169199,2.724628792
oxalac_opt-QR-4-6815-3_P1-Thre-1-0-0-14118.res,2,-5156.546678,0.342510336,-106.8877078,-5156.897857,-0.351179776,5.829576065,6.469028703,0.639452637
oxalac_opt-QR-4-6815-3_P1-Thre-1-0-0-14128.res,2,-5158.480721,0.305700669,-106.9277977,-5159.126511,-0.645789592,3.895532549,4.240375371,0.344842821
oxalac_opt-QR-4-6815-3_P1-Thre-1-0-0-14131.res,2,-5157.701248,0.136000222,-106.9116404,-5158.780952,-1.079704044,4.675005753,4.585934122,-0.089071631
oxalac_opt-QR-4-6815-3_P1-Thre-1-0-0-14184.res,2,-5157.793273,0.244781074,-106.9135479,-5156.45006,1.343212379,4.582980906,6.916825699,2.333844792
oxalac_opt-QR-4-6815-3_P1-Thre-1-0-0-14187.res,2,-5156.047404,0.182925259,-106.8773586,-5154.59166,1.455744115,6.328849784,8.775226312,2.446376528
oxalac_opt-QR-4-6815-3_P1-Thre-1-0-0-14208.res,2,-5159.041279,0.172530642,-106.9394173,-5159.651622,-0.610343486,3.334974806,3.715263733,0.380288927
oxalac_opt-QR-4-6815-3_P1-Thre-1-0-0-14248.res,2,-5159.765374,0.479672461,-106.9544267,-5159.636793,0.128581185,2.610879444,3.730093042,1.119213599
oxalac_opt-QR-4-6815-3_P1-Thre-1-0-0-14280.res,2,-5155.608112,0.49583951,-106.8682527,-5154.173355,1.434757362,6.768141833,9.193531608,2.425389775
oxalac_opt-QR-4-6815-3_P1-Thre-1-0-0-14295.res,2,-5156.91695,0.430887608,-106.895383,-5156.192041,0.72490932,5.459303527,7.174845261,1.715541733
oxalac_opt-QR-4-6815-3_P1-Thre-1-0-0-14305.res,2,-5156.223173,0.375219995,-106.881002,-5156.181764,0.041409592,6.153080388,7.185122393,1.032042006
oxalac_opt-QR-4-6815-3_P1-Thre-1-0-0-14328.res,2,-5156.267857,0.433959051,-106.8819283,-5156.135924,0.131933801,6.108396348,7.230962563,1.122566214
oxalac_opt-QR-4-6815-3_P1-Thre-1-0-0-14372.res,2,-5156.84498,0.585675731,-106.8938912,-5153.677557,3.167423742,5.531273406,9.689329562,4.158056156
oxalac_opt-QR-4-6815-3_P1-Thre-1-0-0-14374.res,2,-5157.273421,0.667278609,-106.9027721,-5153.96794,3.305480839,5.102833163,9.398946416,4.296113253
oxalac_opt-QR-4-6815-3_P1-Thre-1-0-0-14458.res,2,-5157.687854,0.722183825,-106.9113627,-5154.940336,2.747518391,4.688399798,8.426550602,3.738150804
oxalac_opt-QR-4-6815-3_P1-Thre-1-0-0-14503.res,2,-5160.630986,0.757584299,-106.9723696,-5159.73124,0.899746208,1.745267848,3.635646469,1.890378622
oxalac_opt-QR-4-6815-3_P1-Thre-1-0-0-14609.res,2,-5153.936893,0.445911009,-106.8336108,-5151.540498,2.396395261,8.43936027,11.82638794,3.387027675
oxalac_opt-QR-4-6815-3_P1-Thre-1-0-0-14630.res,2,-5152.153406,0.295198263,-106.7966417,-5150.621707,1.531698936,10.22284807,12.74517942,2.522331349
oxalac_opt-QR-4-6815-3_P1-Thre-1-0-0-14784.res,2,-5153.083413,0.345107187,-106.8159194,-5153.017795,0.06561787,9.292840505,10.34909079,1.056250283
oxalac_opt-QR-4-6815-3_P1-Thre-1-0-0-14931.res,2,-5161.527337,0.561394859,-106.9909496,-5161.841357,-0.31402012,0.848916421,1.525528714,0.676612293
oxalac_opt-QR-4-6815-3_P1-Thre-1-0-0-14982.res,2,-5158.486773,0.417229438,-106.9279232,-5159.911222,-1.424449631,3.889480959,3.455663742,-0.433817218
oxalac_opt-QR-4-6815-3_P1-Thre-1-0-0-15002.res,2,-5158.35595,0.317091244,-106.9252114,-5156.972558,1.383391979,4.020303938,6.39432833,2.374024392
oxalac_opt-QR-4-6815-3_P1-Thre-1-0-0-15027.res,2,-5157.405718,0.279302532,-106.9055145,-5156.651056,0.754662396,4.970535591,6.7158304,1.74529481
oxalac_opt-QR-4-6815-3_P1-Thre-1-0-0-15069.res,2,-5154.414721,0.611530496,-106.8435155,-5155.304667,-0.889945981,7.961532271,8.062218704,0.100686432
oxalac_opt-QR-4-6815-3_P1-Thre-1-0-0-15134.res,2,-5154.313073,0.723083039,-106.8414084,-5154.966912,-0.6538393,8.063181093,8.399974206,0.336793113
oxalac_opt-QR-4-6815-3_P1-Thre-1-0-0-15154.res,2,-5155.191719,0.536285347,-106.8596215,-5155.418434,-0.226715053,7.184534552,7.948451913,0.763917361
oxalac_opt-QR-4-6815-3_P1-Thre-1-0-0-15155.res,2,-5154.961103,0.486269723,-106.8548411,-5155.712151,-0.751048931,7.415151234,7.654734717,0.239583483
oxalac_opt-QR-4-6815-3_P1-Thre-1-0-0-15216.res,2,-5157.948752,0.471313279,-106.9167708,-5158.197939,-0.249187063,4.427502207,5.168947558,0.741445351
oxalac_opt-QR-4-6815-3_P1-Thre-1-0-0-15279.res,2,-5156.116462,0.541931133,-106.8787901,-5156.012292,0.104169421,6.259792177,7.354594011,1.094801834
oxalac_opt-QR-4-6815-3_P1-Thre-1-0-0-15291.res,2,-5160.142022,0.759388117,-106.962234,-5159.041083,1.100938801,2.234232247,4.325803462,2.091571215
oxalac_opt-QR-4-6815-3_P1-Thre-1-0-0-15431.res,2,-5158.730752,0.972762033,-106.9329805,-5160.476799,-1.746047294,3.645502012,2.890087131,-0.755414881
oxalac_opt-QR-4-6815-3_P1-Thre-1-0-0-15438.res,2,-5161.217247,0.590798984,-106.9845219,-5160.821148,0.396099315,1.159006577,2.545738305,1.386731728
oxalac_opt-QR-4-6815-3_P1-Thre-1-0-0-15476.res,2,-5156.394813,0.894479102,-106.8845599,-5158.198797,-1.803983456,5.981440363,5.168089321,-0.813351042
oxalac_opt-QR-4-6815-3_P1-Thre-1-0-0-15478.res,2,-5157.160013,0.836471819,-106.9004214,-5158.517457,-1.357443643,5.216240455,4.849429226,-0.366811229
oxalac_opt-QR-4-6815-3_P1-Thre-1-0-0-15542.res,2,-5150.476545,0.523544626,-106.7618828,-5148.809104,1.66744139,11.89970851,14.55778231,2.658073804
oxalac_opt-QR-4-6815-3_P1-Thre-1-0-0-15570.res,2,-5150.278417,0.492248186,-106.7577759,-5148.639092,1.63932555,12.09783629,14.72779425,2.629957963
oxalac_opt-QR-4-6815-3_P1-Thre-1-0-0-15666.res,2,-5158.260289,0.272273884,-106.9232285,-5158.548911,-0.288622079,4.115965164,4.817975498,0.702010334
oxalac_opt-QR-4-6815-3_P1-Thre-1-0-0-15714.res,2,-5152.752111,0.202185629,-106.809052,-5152.205394,0.546717197,9.624142642,11.16149225,1.537349611
oxalac_opt-QR-4-6815-3_P1-Thre-1-0-0-15730.res,2,-5152.412965,0.477091802,-106.8020219,-5151.464554,0.94841088,9.963289201,11.9023325,1.939043294
oxalac_opt-QR-4-6815-3_P1-Thre-1-0-0-15742.res,2,-5151.030033,0.211985609,-106.7733558,-5151.188447,-0.158414536,11.34622083,12.17843871,0.832217878
oxalac_opt-QR-4-6815-3_P1-Thre-1-0-0-15811.res,2,-5156.823163,0.450197379,-106.8934389,-5154.490732,2.332430264,5.553091125,8.876153803,3.323062677
oxalac_opt-QR-4-6815-3_P1-Thre-1-0-0-15904.res,2,-5155.600888,0.701463546,-106.868103,-5153.522658,2.078230337,6.775365289,9.84422804,3.068862751
oxalac_opt-QR-4-6815-3_P1-Thre-1-0-0-15909.res,2,-5155.034545,0.677279679,-106.8563635,-5153.159643,1.87490155,7.34170895,10.20724291,2.865533963
oxalac_opt-QR-4-6815-3_P1-Thre-1-0-0-16117.res,2,-5150.662906,1.250780606,-106.7657458,-5150.563967,0.098939646,11.71334754,12.8029196,1.08957206
oxalac_opt-QR-4-6815-3_P1-Thre-1-0-0-16165.res,2,-5157.41867,0.532426154,-106.9057829,-5158.151204,-0.732534481,4.957584214,5.215682146,0.258097932
oxalac_opt-QR-4-6815-3_P1-Thre-1-0-0-16181.res,2,-5151.900213,0.437997698,-106.7913934,-5152.260982,-0.36076909,10.47604037,11.10590369,0.629863324
oxalac_opt-QR-4-6815-3_P1-Thre-1-0-0-16211.res,2,-5150.42915,0.393966453,-106.7609004,-5151.050055,-0.62090437,11.9471034,12.31683145,0.369728044
oxalac_opt-QR-4-6815-3_P1-Thre-1-0-0-16221.res,2,-5146.800215,0.420263763,-106.6856778,-5147.691303,-0.891088146,15.57603915,15.67558342,0.099544268
oxalac_opt-QR-4-6815-3_P1-Thre-1-0-0-16229.res,2,-5148.494643,0.564051193,-106.7208008,-5149.872663,-1.378020622,13.88161105,13.49422284,-0.387388209
oxalac_opt-QR-4-6815-3_P1-Thre-1-0-0-16251.res,2,-5144.842209,0.37629037,-106.6450912,-5146.231213,-1.389003946,17.53404443,17.1356729,-0.398371533
oxalac_opt-QR-4-6815-3_P1-Thre-1-0-0-16260.res,2,-5146.337962,0.54066372,-106.676096,-5147.251689,-0.913726833,16.03829143,16.11519701,0.076905581
oxalac_opt-QR-4-6815-3_P1-Thre-1-0-0-16278.res,2,-5150.258124,0.326024434,-106.7573552,-5150.630287,-0.372163299,12.11812986,12.73659898,0.618469115
oxalac_opt-QR-4-6815-3_P1-Thre-1-0-0-16285.res,2,-5151.922364,0.302505173,-106.7918525,-5150.893005,1.029358915,10.45389022,12.47388155,2.019991328
oxalac_opt-QR-4-6815-3_P1-Thre-1-0-0-16288.res,2,-5152.648893,0.328726953,-106.8069124,-5151.649865,0.99902776,9.72736071,11.71702088,1.989660173
oxalac_opt-QR-4-6815-3_P1-Thre-1-0-0-16294.res,2,-5147.914684,0.615770204,-106.7087791,-5146.868828,1.045856293,14.46156972,16.49805843,2.036488707
oxalac_opt-QR-4-6815-3_P1-Thre-1-0-0-16328.res,2,-5150.269053,0.624427483,-106.7575818,-5148.762551,1.506502698,12.1072004,14.60433551,2.497135111
oxalac_opt-QR-4-6815-3_P1-Thre-1-0-0-16367.res,2,-5146.699587,0.302610092,-106.6835919,-5145.772389,0.927197531,15.67666726,17.5944972,1.917829945
oxalac_opt-QR-4-6815-3_P1-Thre-1-0-0-16371.res,2,-5145.797844,0.358848352,-106.6649001,-5145.490288,0.307556506,16.57840961,17.87659853,1.29818892
oxalac_opt-QR-4-6815-3_P1-Thre-1-0-0-16444.res,2,-5154.339784,0.622109302,-106.8419621,-5152.108418,2.23136597,8.036469805,11.25846819,3.221998383
oxalac_opt-QR-4-6815-3_P1-Thre-1-0-0-16543.res,2,-5149.169167,1.433876458,-106.7347828,-5145.02108,4.148087839,13.20708633,18.34580658,5.138720253
oxalac_opt-QR-4-6815-3_P1-Thre-1-0-0-16595.res,2,-5152.435138,1.637302041,-106.8024816,-5147.00302,5.432118033,9.941116217,16.36386666,6.422750447
oxalac_opt-QR-4-6815-3_P1-Thre-1-0-0-16613.res,2,-5151.312428,1.383509655,-106.7792094,-5144.505478,6.806950295,11.06382544,18.86140814,7.797582709
oxalac_opt-QR-4-6815-3_P1-Thre-1-0-0-16663.res,2,-5153.101032,1.038609347,-106.8162846,-5150.578532,2.522500151,9.275222097,12.78835466,3.513132565
oxalac_opt-QR-4-6815-3_P1-Thre-1-0-0-16697.res,2,-5152.698992,0.52817985,-106.8079509,-5152.048357,0.650634761,9.677262153,11.31852933,1.641267175
oxalac_opt-QR-4-6815-3_P1-Thre-1-0-0-16809.res,2,-5147.357196,0.782460496,-106.6972232,-5149.273229,-1.916032817,15.019058,14.09365759,-0.925400404
oxalac_opt-QR-4-6815-3_P1-Thre-1-0-0-16847.res,2,-5147.232837,0.232290783,-106.6946454,-5148.810821,-1.57798441,15.14341687,14.55606487,-0.587351996
oxalac_opt-QR-4-6815-3_P1-Thre-1-0-0-16897.res,2,-5150.875843,1.24987654,-106.7701597,-5151.406401,-0.530557643,11.50041038,11.96048515,0.46007477
oxalac_opt-QR-4-6815-3_P1-Thre-1-0-0-16946.res,2,-5150.517746,0.512760014,-106.7627368,-5153.052762,-2.535015674,11.85850729,10.31412403,-1.54438326
oxalac_opt-QR-4-6815-3_P1-Thre-1-0-0-16958.res,2,-5150.700529,0.604477392,-106.7665257,-5151.882066,-1.181536862,11.67572427,11.48481983,-0.190904448
oxalac_opt-QR-4-6815-3_P1-Thre-1-0-0-16959.res,2,-5148.38601,0.601900379,-106.718549,-5149.870624,-1.484613178,13.9902433,13.49626254,-0.493980765
oxalac_opt-QR-4-6815-3_P1-Thre-1-0-0-17016.res,2,-5150.487067,0.672406437,-106.7621009,-5150.986386,-0.49931983,11.8891871,12.38049969,0.491312584
oxalac_opt-QR-4-6815-3_P1-Thre-1-0-0-17055.res,2,-5152.856289,0.510390636,-106.8112114,-5153.420997,-0.564707468,9.519964356,9.945889302,0.425924945
oxalac_opt-QR-4-6815-3_P1-Thre-1-0-0-17101.res,2,-5153.665725,0.696831386,-106.8279899,-5153.904831,-0.239105312,8.710528424,9.462055526,0.751527102
oxalac_opt-QR-4-6815-3_P1-Thre-1-0-0-17118.res,2,-5152.514908,0.780002449,-106.8041351,-5152.259583,0.255325508,9.861345289,11.10730321,1.245957921
oxalac_opt-QR-4-6815-3_P1-Thre-1-0-0-17134.res,2,-5155.924501,0.655963903,-106.874811,-5156.6863,-0.761799065,6.451752898,6.680586247,0.228833349
oxalac_opt-QR-4-6815-3_P1-Thre-1-0-0-17171.res,2,-5155.38278,0.47905498,-106.8635819,-5155.358789,0.023991156,6.99347363,8.0080972,1.01462357
oxalac_opt-QR-4-6815-3_P1-Thre-1-0-0-17209.res,2,-5149.172058,0.270766918,-106.7348427,-5149.732585,-0.560526998,13.20419528,13.63430069,0.430105416
oxalac_opt-QR-4-6815-3_P1-Thre-1-0-0-17215.res,2,-5148.928351,0.376180881,-106.729791,-5149.36807,-0.439719031,13.44790301,13.99881639,0.550913383
oxalac_opt-QR-4-6815-3_P1-Thre-1-0-0-17274.res,2,-5152.952916,0.432385849,-106.8132143,-5152.448429,0.504486258,9.423338187,10.91845686,1.495118672
oxalac_opt-QR-4-6815-3_P1-Thre-1-0-0-17329.res,2,-5154.695948,0.150410569,-106.8493449,-5154.120151,0.575796954,7.680306169,9.246735537,1.566429367
oxalac_opt-QR-4-6815-3_P1-Thre-1-0-0-17337.res,2,-5157.371555,0.334544651,-106.9048063,-5156.635046,0.73650863,5.004699164,6.731840208,1.727141043
oxalac_opt-QR-4-6815-3_P1-Thre-1-0-0-17384.res,2,-5152.248046,0.257373967,-106.7986034,-5152.219662,0.028384051,10.12820802,11.14722449,1.019016465
oxalac_opt-QR-4-6815-3_P1-Thre-1-0-0-17409.res,2,-5159.139897,0.332107277,-106.9414615,-5159.254892,-0.114995014,3.236356551,4.11199395,0.875637399
oxalac_opt-QR-4-6815-3_P1-Thre-1-0-0-17453.res,2,-5155.489362,0.324364031,-106.8657912,-5156.377386,-0.888023591,6.88689154,6.989500362,0.102608822
oxalac_opt-QR-4-6815-3_P1-Thre-1-0-0-17466.res,2,-5151.47756,0.189617442,-106.7826324,-5151.983003,-0.50544296,10.8986942,11.38388365,0.485189453
oxalac_opt-QR-4-6815-3_P1-Thre-1-0-0-17498.res,2,-5153.190334,1.009833403,-106.8181357,-5152.489953,0.700380689,9.185919858,10.87693296,1.691013102
oxalac_opt-QR-4-6815-3_P1-Thre-1-0-0-17504.res,2,-5152.005272,0.894876059,-106.7935711,-5150.983676,1.021595845,10.3709817,12.38320996,2.012228258
oxalac_opt-QR-4-6815-3_P1-Thre-1-0-0-17553.res,2,-5152.568178,1.000650481,-106.8052393,-5152.375553,0.192625319,9.808075927,10.99133366,1.183257733
oxalac_opt-QR-4-6815-3_P1-Thre-1-0-0-17640.res,2,-5155.391215,0.966415506,-106.8637567,-5155.88124,-0.490024852,6.985038583,7.485646145,0.500607562
oxalac_opt-QR-4-6815-3_P1-Thre-1-0-0-17664.res,2,-5155.498128,0.876159452,-106.8659729,-5156.143846,-0.645717483,6.878125706,7.223040636,0.34491493
oxalac_opt-QR-4-6815-3_P1-Thre-1-0-0-17669.res,2,-5156.555773,0.992074012,-106.8878963,-5156.522561,0.033212236,5.820481024,6.844325674,1.023844649
oxalac_opt-QR-4-6815-3_P1-Thre-1-0-0-17686.res,2,-5159.263412,0.972648139,-106.9440217,-5159.235781,0.027630409,3.112841972,4.131104795,1.018262823
oxalac_opt-QR-4-6815-3_P1-Thre-1-0-0-17687.res,2,-5159.351478,0.962578099,-106.9458472,-5159.333362,0.018115248,3.024776235,4.033523897,1.008747662
oxalac_opt-QR-4-6815-3_P1-Thre-1-0-0-17711.res,2,-5158.74264,0.552325092,-106.9332269,-5158.743401,-0.000760981,3.633613806,4.623485239,0.989871433
oxalac_opt-QR-4-6815-3_P1-Thre-1-0-0-17743.res,2,-5157.219622,0.76166735,-106.901657,-5157.358364,-0.138742409,5.156632176,6.00852218,0.851890004
oxalac_opt-QR-4-6815-3_P1-Thre-1-0-0-17750.res,2,-5156.133072,0.902907861,-106.8791344,-5156.540737,-0.407665668,6.243182061,6.826148807,0.582966745
oxalac_opt-QR-4-6815-3_P1-Thre-1-0-0-17757.res,2,-5159.033843,0.90998986,-106.9392631,-5160.185063,-1.151219511,3.342410581,3.181823484,-0.160587097
oxalac_opt-QR-4-6815-3_P1-Thre-1-0-0-17803.res,2,-5159.548321,0.56955066,-106.9499275,-5161.552945,-2.004624153,2.827932887,1.813941148,-1.013991739
oxalac_opt-QR-4-6815-3_P1-Thre-1-0-0-17836.res,2,-5158.231909,0.869669346,-106.9226402,-5159.33127,-1.099361891,4.144345176,4.035615698,-0.108729478
oxalac_opt-QR-4-6815-3_P1-Thre-1-0-0-17841.res,2,-5156.558265,0.586719318,-106.887948,-5157.199431,-0.641166246,5.81798854,6.167454708,0.349466168
oxalac_opt-QR-4-6815-3_P1-Thre-1-0-0-17863.res,2,-5158.280727,0.742566006,-106.9236521,-5159.362098,-1.081370864,4.09552661,4.00478816,-0.09073845
oxalac_opt-QR-4-6815-3_P1-Thre-1-0-0-17866.res,2,-5160.603297,0.726864912,-106.9717956,-5161.211451,-0.608153385,1.772956428,2.155435457,0.382479029
oxalac_opt-QR-4-6815-3_P1-Thre-1-0-0-17895.res,2,-5152.286757,0.63606107,-106.7994059,-5152.947372,-0.660614372,10.08949641,10.41951445,0.330018041
oxalac_opt-QR-4-6815-3_P1-Thre-1-0-0-17918.res,2,-5151.281169,0.440025405,-106.7785615,-5152.018353,-0.737183508,11.09508446,11.34853336,0.253448906
oxalac_opt-QR-4-6815-3_P1-Thre-1-0-0-18079.res,2,-5151.369244,0.517718116,-106.7803871,-5151.653601,-0.284356864,11.00700991,11.71328546,0.706275549
oxalac_opt-QR-4-6815-3_P1-Thre-1-0-0-18102.res,2,-5148.417755,0.444179384,-106.7192071,-5149.258815,-0.841059374,13.95849849,14.10807153,0.149573039
oxalac_opt-QR-4-6815-3_P1-Thre-1-0-0-18202.res,2,-5155.682052,1.393391694,-106.8697854,-5151.47494,4.20711201,6.694201911,11.89194633,5.197744423
oxalac_opt-QR-4-6815-3_P1-Thre-1-0-0-18257.res,2,-5155.661222,1.032183775,-106.8693536,-5152.561508,3.099714037,6.71503204,10.80537849,4.090346451
oxalac_opt-QR-4-6815-3_P1-Thre-1-0-0-18271.res,2,-5151.510868,0.814433311,-106.7833228,-5151.513018,-0.002149999,10.86538551,11.85386793,0.988482415
oxalac_opt-QR-4-6815-3_P1-Thre-1-0-0-18289.res,2,-5151.832127,0.845260135,-106.789982,-5152.005076,-0.172949872,10.5441272,11.36180974,0.817682542
oxalac_opt-QR-4-6815-3_P1-Thre-1-0-0-18330.res,2,-5147.328817,0.251386085,-106.696635,-5148.730632,-1.401815216,15.04743662,14.63625381,-0.411182803
oxalac_opt-QR-4-6815-3_P1-Thre-1-0-0-18384.res,2,-5148.915312,0.33611265,-106.7295207,-5149.016225,-0.100913495,13.46094224,14.35066116,0.889718919
oxalac_opt-QR-4-6815-3_P1-Thre-1-0-0-18433.res,2,-5146.255294,0.316168863,-106.6743824,-5147.059299,-0.804005732,16.1209601,16.30758678,0.186626681
oxalac_opt-QR-4-6815-3_P1-Thre-1-0-0-18459.res,2,-5154.784435,0.467587498,-106.8511791,-5155.72795,-0.9435156,7.591818916,7.63893573,0.047116814
oxalac_opt-QR-4-6815-3_P1-Thre-1-0-0-18461.res,2,-5155.084236,0.480056414,-106.8573935,-5156.076114,-0.991877825,7.292017769,7.290772357,-0.001245411
oxalac_opt-QR-4-6815-3_P1-Thre-1-0-0-18466.res,2,-5149.587602,0.524450985,-106.7434563,-5151.608775,-2.021172358,12.78865151,11.75811156,-1.030539944
oxalac_opt-QR-4-6815-3_P1-Thre-1-0-0-18482.res,2,-5154.444583,0.513503871,-106.8441344,-5155.340557,-0.895973377,7.93167051,8.026329546,0.094659037
oxalac_opt-QR-4-6815-3_P1-Thre-1-0-0-18571.res,2,-5146.207587,0.336785868,-106.6733935,-5147.379345,-1.171758009,16.16866724,15.98754164,-0.181125595
oxalac_opt-QR-4-6815-3_P1-Thre-1-0-0-18622.res,2,-5146.258147,1.521027314,-106.6744415,-5145.55196,0.70618642,16.11810725,17.81492609,1.696818834
oxalac_opt-QR-4-6815-3_P1-Thre-1-0-0-18624.res,2,-5147.399577,1.425481839,-106.6981017,-5147.993149,-0.59357246,14.9766769,15.37373685,0.397059953
oxalac_opt-QR-4-6815-3_P1-Thre-1-0-0-18627.res,2,-5148.617008,1.072372219,-106.7233373,-5149.020681,-0.403672674,13.75924573,14.34620547,0.586959739
oxalac_opt-QR-4-6815-3_P1-Thre-1-0-0-18647.res,2,-5144.265046,0.942601543,-106.6331275,-5145.475428,-1.210381933,18.11120775,17.89145823,-0.21974952
oxalac_opt-QR-4-6815-3_P1-Thre-1-0-0-18648.res,2,-5144.918141,0.849371164,-106.6466652,-5146.086487,-1.168346156,17.45811316,17.28039941,-0.177713743
oxalac_opt-QR-4-6815-3_P1-Thre-1-0-0-18684.res,2,-5143.168728,0.461008052,-106.6104024,-5143.981955,-0.813227206,19.20752594,19.38493115,0.177405207
oxalac_opt-QR-4-6815-3_P1-Thre-1-0-0-18685.res,2,-5144.828993,0.622261629,-106.6448173,-5145.241735,-0.412741295,17.54726032,18.12515144,0.577891118
oxalac_opt-QR-4-6815-3_P1-Thre-1-0-0-18756.res,2,-5145.618371,1.168114274,-106.6611799,-5147.686899,-2.068528144,16.75788273,15.679987,-1.07789573
oxalac_opt-QR-4-6815-3_P1-Thre-1-0-0-18817.res,2,-5148.16077,0.742874774,-106.7138801,-5147.595404,0.565366003,14.21548368,15.77148209,1.555998416
oxalac_opt-QR-4-6815-3_P1-Thre-1-0-0-18852.res,2,-5148.297234,0.49132757,-106.7167089,-5149.322871,-1.025636831,14.07901935,14.04401494,-0.035004417
oxalac_opt-QR-4-6815-3_P1-Thre-1-0-0-18865.res,2,-5150.814258,0.575018266,-106.7688831,-5151.802748,-0.988489991,11.56199556,11.56413798,0.002142423
oxalac_opt-QR-4-6815-3_P1-Thre-1-0-0-18915.res,2,-5153.762815,0.428729606,-106.8300024,-5153.775084,-0.012269711,8.613439029,9.591801731,0.978362702
oxalac_opt-QR-4-6815-3_P1-Thre-1-0-0-18946.res,2,-5152.252333,0.302302971,-106.7986923,-5151.3768,0.875532323,10.12392115,11.99008588,1.866164736
oxalac_opt-QR-4-6815-3_P1-Thre-1-0-0-18966.res,2,-5148.163263,0.752728462,-106.7139318,-5146.177998,1.985265083,14.21299043,17.18888792,2.975897497
oxalac_opt-QR-4-6815-3_P1-Thre-1-0-0-18968.res,2,-5145.614599,0.707068734,-106.6611017,-5143.797056,1.817543076,16.7616548,19.56983029,2.808175489
oxalac_opt-QR-4-6815-3_P1-Thre-1-0-0-18982.res,2,-5151.585944,0.427350647,-106.784879,-5151.826367,-0.24042346,10.79030991,11.54051886,0.750208953
oxalac_opt-QR-4-6815-3_P1-Thre-1-0-0-19064.res,2,-5147.309954,0.889236751,-106.696244,-5149.561022,-2.251068051,15.06629975,13.80586411,-1.260435637
oxalac_opt-QR-4-6815-3_P1-Thre-1-0-0-19084.res,2,-5150.367024,0.445920138,-106.7596126,-5150.351479,0.015544808,12.00923004,13.01540726,1.006177221
oxalac_opt-QR-4-6815-3_P1-Thre-1-0-0-19324.res,2,-5155.186377,0.241814411,-106.8595107,-5155.410272,-0.223895456,7.18987713,7.956614088,0.766736957
oxalac_opt-QR-4-6815-3_P1-Thre-1-0-0-19351.res,2,-5158.107794,0.51004276,-106.9200675,-5157.513111,0.594682525,4.268459763,5.853774702,1.585314939
oxalac_opt-QR-4-6815-3_P1-Thre-1-0-0-19357.res,2,-5155.407249,0.430175017,-106.8640891,-5154.455137,0.952112182,6.969005049,8.911749645,1.942744595
oxalac_opt-QR-4-6815-3_P1-Thre-1-0-0-19426.res,2,-5158.341287,0.443190137,-106.9249074,-5158.062832,0.278454827,4.034967246,5.304054487,1.269087241
oxalac_opt-QR-4-6815-3_P1-Thre-1-0-0-19456.res,2,-5159.642412,0.701771326,-106.9518779,-5159.922958,-0.280545997,2.733841335,3.443927751,0.710086416
oxalac_opt-QR-4-6815-3_P1-Thre-1-0-0-19498.res,2,-5159.106487,0.841879213,-106.9407689,-5159.116061,-0.009574441,3.269767239,4.250825212,0.981057972
oxalac_opt-QR-4-6815-3_P1-Thre-1-0-0-19505.res,2,-5157.154213,0.426111014,-106.9003011,-5156.705761,0.448451965,5.222040782,6.661125161,1.439084379
oxalac_opt-QR-4-6815-3_P1-Thre-1-0-0-19544.res,2,-5155.261909,0.906457028,-106.8610764,-5152.24515,3.016759619,7.114344414,11.12173645,4.007392033
oxalac_opt-QR-4-6815-3_P1-Thre-1-0-0-19581.res,2,-5162.457211,0.701323976,-107.0102245,-5160.863995,1.593215528,-0.080956832,2.50289111,2.583847942
oxalac_opt-QR-4-6815-3_P1-Thre-1-0-0-19614.res,2,-5157.35808,0.576692997,-106.904527,-5156.147862,1.210218201,5.018173338,7.219023953,2.200850615
oxalac_opt-QR-4-6815-3_P1-Thre-1-0-0-19616.res,2,-5155.295816,0.59603135,-106.8617793,-5154.06148,1.234335243,7.080438183,9.30540584,2.224967657
oxalac_opt-QR-4-6815-3_P1-Thre-1-0-0-19645.res,2,-5152.367989,0.664356832,-106.8010897,-5150.732087,1.635902436,10.00826441,12.63479926,2.626534849
oxalac_opt-QR-4-6815-3_P1-Thre-1-0-0-19669.res,2,-5152.583264,0.719654421,-106.805552,-5151.794551,0.788713143,9.79298982,11.57233538,1.779345557
oxalac_opt-QR-4-6815-3_P1-Thre-1-0-0-19686.res,2,-5154.840484,0.540622741,-106.8523409,-5153.618292,1.222191939,7.535769863,9.748594215,2.212824352
oxalac_opt-QR-4-6815-3_P1-Thre-1-0-0-19733.res,2,-5156.233995,0.633879568,-106.8812264,-5155.156181,1.077814266,6.142258571,8.21070525,2.06844668
oxalac_opt-QR-4-6815-3_P1-Thre-1-0-0-19734.res,2,-5155.450106,0.655472866,-106.8649775,-5154.068334,1.381772298,6.926147295,9.298552006,2.372404711
oxalac_opt-QR-4-6815-3_P1-Thre-1-0-0-19735.res,2,-5155.264667,0.644242564,-106.8611336,-5153.897175,1.36749247,7.11158627,9.469711153,2.358124883
oxalac_opt-QR-4-6815-3_P1-Thre-1-0-0-19741.res,2,-5157.065902,0.55108211,-106.8984706,-5155.829501,1.236400838,5.310351693,7.537384944,2.227033251
oxalac_opt-QR-4-6815-3_P1-Thre-1-0-0-19745.res,2,-5155.832053,0.595622887,-106.8728947,-5154.424785,1.407268052,6.544200563,8.942101028,2.397900465
oxalac_opt-QR-4-6815-3_P1-Thre-1-0-0-19764.res,2,-5154.858885,0.901699228,-106.8527223,-5152.770487,2.088398249,7.517368854,10.59639952,3.079030663
oxalac_opt-QR-4-6815-3_P1-Thre-1-0-0-19823.res,2,-5159.420281,0.480032005,-106.9472734,-5159.545388,-0.125107738,2.95597324,3.821497916,0.865524676
oxalac_opt-QR-4-6815-3_P1-Thre-1-0-0-19845.res,2,-5159.74291,0.577966336,-106.9539611,-5158.887417,0.855493549,2.633343377,4.47946934,1.846125963
oxalac_opt-QR-4-6815-3_P1-Thre-1-0-0-19853.res,2,-5159.136838,0.449680703,-106.9413981,-5158.634742,0.502095934,3.239415751,4.732144098,1.492728347
oxalac_opt-QR-4-6815-3_P1-Thre-1-0-0-19861.res,2,-5158.245458,0.697618549,-106.922921,-5158.643225,-0.397767018,4.130795715,4.72366111,0.592865395
oxalac_opt-QR-4-6815-3_P1-Thre-1-0-0-19885.res,2,-5155.274417,0.425139342,-106.8613357,-5154.14362,1.130797559,7.101836478,9.22326645,2.121429972
oxalac_opt-QR-4-6815-3_P1-Thre-1-0-0-19889.res,2,-5152.77627,0.308072781,-106.8095527,-5152.623749,0.152520124,9.599984246,10.74313678,1.143152538
oxalac_opt-QR-4-6815-3_P1-Thre-1-0-0-19978.res,2,-5155.845321,0.487430399,-106.8731697,-5154.203221,1.642100354,6.530932779,9.163665546,2.632732768
oxalac_opt-QR-4-6815-3_P1-Thre-1-0-0-19994.res,2,-5157.096687,1.282661975,-106.8991087,-5156.500946,0.595741457,5.279566442,6.865940312,1.58637387
